Timezones are UTC,https://www.CryptoDataDownload.com
Unix Timestamp,Date,Symbol,Open,High,Low,Close,Volume LTC,Volume USD
1602460800.0,2020-10-12,LTCUSD,50.29,50.29,49.2,49.4,37.9,1893.04
1602374400.0,2020-10-11,LTCUSD,48.8,50.53,48.71,50.29,87.33,4354.19
1602288000.0,2020-10-10,LTCUSD,48.23,49.9,47.8,48.8,163.19,8039.02
1602201600.0,2020-10-09,LTCUSD,47.67,48.3,47,48.23,112.26,5371.46
1602115200.0,2020-10-08,LTCUSD,47.05,47.8,46.63,47.67,106.88,5049.77
1602028800.0,2020-10-07,LTCUSD,47.2,47.46,46.55,47.05,65.53,3073.2
1601942400.0,2020-10-06,LTCUSD,46.93,48.36,46.6,47.2,146.24,6903.69
1601856000.0,2020-10-05,LTCUSD,48,48.3,46.6,46.93,67.22,3176.75
1601769600.0,2020-10-04,LTCUSD,47.2,48,46.6,48,94.14,4447.02
1601683200.0,2020-10-03,LTCUSD,45.87,47.2,45.67,47.2,77.35,3592.99
1601596800.0,2020-10-02,LTCUSD,47.2,47.43,45.5,45.87,76.45,3538.79
1601510400.0,2020-10-01,LTCUSD,47.17,49,46.7,47.2,136.0,6483.57
1601424000.0,2020-09-30,LTCUSD,46.8,47.46,46.4,47.17,32.96,1551.1
1601337600.0,2020-09-29,LTCUSD,46.31,47.3,46.13,46.8,44.14,2058.18
1601251200.0,2020-09-28,LTCUSD,46.89,47.57,46.31,46.31,109.88,5179.97
1601164800.0,2020-09-27,LTCUSD,46.7,47.58,45.9,46.89,42.02,1969.45
1601078400.0,2020-09-26,LTCUSD,47.6,47.6,46.4,46.7,53.63,2522.0
1600992000.0,2020-09-25,LTCUSD,46.11,47.64,45.34,47.6,51.31,2389.66
1600905600.0,2020-09-24,LTCUSD,45.83,46.5,44.77,46.11,68.74,3126.95
1600819200.0,2020-09-23,LTCUSD,46.49,46.85,44.73,45.83,67.07,3089.6
1600732800.0,2020-09-22,LTCUSD,45.1,46.52,44.7,46.49,281.83,12805.28
1600646400.0,2020-09-21,LTCUSD,49.33,49.33,44.65,45.1,212.67,9788.93
1600560000.0,2020-09-20,LTCUSD,49.4,49.83,48,49.33,103.58,5039.7
1600473600.0,2020-09-19,LTCUSD,49.02,49.85,49.01,49.4,38.39,1905.29
1600387200.0,2020-09-18,LTCUSD,49.9,49.98,49,49.02,76.76,3791.43
1600300800.0,2020-09-17,LTCUSD,49.6,50.53,49,49.9,116.6,5794.77
1600214400.0,2020-09-16,LTCUSD,49.99,50.78,48.83,49.6,67.13,3327.3
1600128000.0,2020-09-15,LTCUSD,50,51.3,49.99,49.99,176.85,8881.62
1600041600.0,2020-09-14,LTCUSD,50,50.8,49.1,50,161.53,8037.0
1599955200.0,2020-09-13,LTCUSD,52,52,49.36,50,93.29,4728.41
1599868800.0,2020-09-12,LTCUSD,50.3,52.44,50.01,52,70.54,3592.12
1599782400.0,2020-09-11,LTCUSD,49.91,50.93,49.19,50.3,39.58,1983.16
1599696000.0,2020-09-10,LTCUSD,49.82,50.91,49.57,49.91,55.78,2802.37
1599609600.0,2020-09-09,LTCUSD,48.72,50.19,48.53,49.82,95.36,4728.3
1599523200.0,2020-09-08,LTCUSD,50.4,51,48.35,48.72,119.48,5928.25
1599436800.0,2020-09-07,LTCUSD,50.01,50.75,48.01,50.4,152.71,7559.76
1599350400.0,2020-09-06,LTCUSD,49.94,52.2,48.74,50.01,216.62,10891.56
1599264000.0,2020-09-05,LTCUSD,52.9,53.26,48.11,49.94,455.98,23101.41
1599177600.0,2020-09-04,LTCUSD,53,54.58,50.29,52.9,406.55,21083.54
1599091200.0,2020-09-03,LTCUSD,59.93,59.93,53,53,379.66,21242.12
1599004800.0,2020-09-02,LTCUSD,63.12,63.61,58.21,59.93,201.27,12200.22
1598918400.0,2020-09-01,LTCUSD,61.91,64.92,60.72,63.12,205.51,12959.77
1598832000.0,2020-08-31,LTCUSD,63.07,63.66,61.29,61.91,59.74,3715.3
1598745600.0,2020-08-30,LTCUSD,58.98,63.13,58.33,63.07,136.33,8344.78
1598659200.0,2020-08-29,LTCUSD,58.57,59.39,58.06,58.98,49.74,2925.91
1598572800.0,2020-08-28,LTCUSD,57.77,59.78,57.3,58.57,57.91,3388.07
1598486400.0,2020-08-27,LTCUSD,59.8,60.89,57,57.77,144.01,8481.81
1598400000.0,2020-08-26,LTCUSD,60.12,60.91,59.07,59.8,66.99,3997.45
1598313600.0,2020-08-25,LTCUSD,63.16,63.16,59,60.12,129.17,7845.52
1598227200.0,2020-08-24,LTCUSD,61.5,63.39,61.06,63.16,40.66,2554.26
1598140800.0,2020-08-23,LTCUSD,61.04,62.8,59.8,61.5,158.13,9588.02
1598054400.0,2020-08-22,LTCUSD,60.73,61.58,59.6,61.04,65.82,3993.03
1597968000.0,2020-08-21,LTCUSD,63.55,64.11,60.73,60.73,80.39,5002.04
1597881600.0,2020-08-20,LTCUSD,62.29,63.8,61.2,63.55,57.74,3651.15
1597795200.0,2020-08-19,LTCUSD,66,66.07,59,62.29,304.08,19077.14
1597708800.0,2020-08-18,LTCUSD,66.66,67.5,64.36,66,112.99,7481.8
1597622400.0,2020-08-17,LTCUSD,63.99,67.5,61.99,66.66,510.87,33668.89
1597536000.0,2020-08-16,LTCUSD,60.15,64,59.2,63.99,418.26,25797.58
1597449600.0,2020-08-15,LTCUSD,56.88,60.63,56.55,60.15,274.11,16268.47
1597363200.0,2020-08-14,LTCUSD,55.9,57.65,55.57,56.88,254.91,14382.87
1597276800.0,2020-08-13,LTCUSD,54.4,56.63,52.8,55.9,165.0,8990.22
1597190400.0,2020-08-12,LTCUSD,54.01,55.1,52.68,54.4,139.31,7559.69
1597104000.0,2020-08-11,LTCUSD,58.34,58.5,54,54.01,323.13,18163.95
1597017600.0,2020-08-10,LTCUSD,56.8,58.37,56.8,58.34,72.37,4176.18
1596931200.0,2020-08-09,LTCUSD,57.65,58.23,56.8,56.8,95.87,5499.56
1596844800.0,2020-08-08,LTCUSD,57.62,58.9,56.5,57.65,44.06,2548.33
1596758400.0,2020-08-07,LTCUSD,59.41,60.5,56.5,57.62,268.88,15815.25
1596672000.0,2020-08-06,LTCUSD,58.42,59.8,57.72,59.41,194.17,11407.09
1596585600.0,2020-08-05,LTCUSD,57.88,60,57.11,58.42,100.49,5900.94
1596499200.0,2020-08-04,LTCUSD,58.3,60.11,57.09,57.88,162.14,9416.99
1596412800.0,2020-08-03,LTCUSD,57.48,59.87,56.43,58.3,150.93,8752.57
1596326400.0,2020-08-02,LTCUSD,61.62,63.7,54.69,57.48,371.08,21356.13
1596240000.0,2020-08-01,LTCUSD,58.06,61.9,58,61.62,138.74,8338.67
1596153600.0,2020-07-31,LTCUSD,57.61,58.94,56.1,58.06,101.92,5893.68
1596067200.0,2020-07-30,LTCUSD,55.11,57.94,53.7,57.61,165.58,9261.11
1595980800.0,2020-07-29,LTCUSD,56.48,56.54,54.92,55.11,177.64,9860.57
1595894400.0,2020-07-28,LTCUSD,51.6,57,51.6,56.48,360.14,19635.5
1595808000.0,2020-07-27,LTCUSD,49.19,53.81,47.22,51.6,461.19,23111.69
1595721600.0,2020-07-26,LTCUSD,49.89,50.7,47.6,49.19,210.14,10287.86
1595635200.0,2020-07-25,LTCUSD,45.08,49.9,44.55,49.89,232.22,11085.77
1595548800.0,2020-07-24,LTCUSD,45.47,45.47,44.2,45.08,96.99,4334.16
1595462400.0,2020-07-23,LTCUSD,45.03,45.64,44.72,45.47,155.07,6997.31
1595376000.0,2020-07-22,LTCUSD,44.87,45.03,43.7,45.03,96.73,4293.25
1595289600.0,2020-07-21,LTCUSD,43,45.42,43,44.87,168.42,7510.85
1595203200.0,2020-07-20,LTCUSD,42.7,43.44,42.7,43,16.21,704.02
1595116800.0,2020-07-19,LTCUSD,42.7,42.7,42.7,42.7,0.0,0.0
1595030400.0,2020-07-18,LTCUSD,42.7,42.7,42.7,42.7,0.0,0.0
1594944000.0,2020-07-17,LTCUSD,42.7,42.7,42.7,42.7,0.0,0.0
1594857600.0,2020-07-16,LTCUSD,42.7,42.7,42.7,42.7,0.0,0.0
1594771200.0,2020-07-15,LTCUSD,42.7,42.7,42.7,42.7,0.0,0.0
1594684800.0,2020-07-14,LTCUSD,42.7,42.7,42.7,42.7,0.0,0.0
1594598400.0,2020-07-13,LTCUSD,42.7,42.7,42.7,42.7,0.0,0.0
1594512000.0,2020-07-12,LTCUSD,42.7,42.7,42.7,42.7,0.0,0.0
1594425600.0,2020-07-11,LTCUSD,42.7,42.7,42.7,42.7,0.0,0.0
1594339200.0,2020-07-10,LTCUSD,42.7,42.7,42.7,42.7,0.0,0.0
1594252800.0,2020-07-09,LTCUSD,42.7,42.7,42.7,42.7,0.0,0.0
1594166400.0,2020-07-08,LTCUSD,42.7,42.7,42.7,42.7,0.0,0.0
1594080000.0,2020-07-07,LTCUSD,42.7,42.7,42.7,42.7,0.0,0.0
1593993600.0,2020-07-06,LTCUSD,42.7,42.7,42.7,42.7,0.0,0.0
1593907200.0,2020-07-05,LTCUSD,42.7,42.7,42.7,42.7,0.0,0.0
1593820800.0,2020-07-04,LTCUSD,42.7,42.7,42.7,42.7,0.0,0.0
1593734400.0,2020-07-03,LTCUSD,42.7,42.7,42.7,42.7,0.0,0.0
1593648000.0,2020-07-02,LTCUSD,42.7,42.7,42.7,42.7,0.0,0.0
1593561600.0,2020-07-01,LTCUSD,42.7,42.7,42.7,42.7,0.0,0.0
1593475200.0,2020-06-30,LTCUSD,43.45,43.45,42.53,42.7,17.64,756.2
1593388800.0,2020-06-29,LTCUSD,43.27,43.45,42.38,43.45,50.68,2178.75
1593302400.0,2020-06-28,LTCUSD,43.5,43.5,42.53,43.27,37.98,1639.7
1593216000.0,2020-06-27,LTCUSD,44.9,44.9,42.55,43.5,84.61,3657.68
1593129600.0,2020-06-26,LTCUSD,44.38,45.5,43.43,44.9,45.95,2050.34
1593043200.0,2020-06-25,LTCUSD,44.05,45.9,43.87,44.38,89.28,3972.25
1592956800.0,2020-06-24,LTCUSD,44.7,45.69,44.05,44.05,116.38,5190.58
1592870400.0,2020-06-23,LTCUSD,45.17,46.5,44.64,44.7,75.99,3440.43
1592784000.0,2020-06-22,LTCUSD,44.32,45.17,44.32,45.17,31.06,1393.16
1592697600.0,2020-06-21,LTCUSD,44.48,45,44.3,44.32,74.5,3334.86
1592611200.0,2020-06-20,LTCUSD,44.35,45.22,44.34,44.48,35.92,1606.44
1592524800.0,2020-06-19,LTCUSD,45,45.9,44.3,44.35,24.96,1125.06
1592438400.0,2020-06-18,LTCUSD,45.43,45.99,44.45,45,51.19,2296.32
1592352000.0,2020-06-17,LTCUSD,44.68,46,44.14,45.43,44.4,2022.48
1592265600.0,2020-06-16,LTCUSD,45.24,45.24,44.13,44.68,39.75,1768.35
1592179200.0,2020-06-15,LTCUSD,45.86,46,44.02,45.24,104.52,4686.35
1592092800.0,2020-06-14,LTCUSD,46.43,46.53,45.23,45.86,36.38,1669.14
1592006400.0,2020-06-13,LTCUSD,45.67,46.54,45.67,46.43,18.64,859.06
1591920000.0,2020-06-12,LTCUSD,45.01,46.78,44.5,45.67,78.37,3574.41
1591833600.0,2020-06-11,LTCUSD,46.88,47.64,44.6,45.01,291.65,13364.56
1591747200.0,2020-06-10,LTCUSD,46.79,48,46.2,46.88,125.48,5900.8
1591660800.0,2020-06-09,LTCUSD,47.5,47.5,46,46.79,104.47,4860.59
1591574400.0,2020-06-08,LTCUSD,46.53,47.9,46.41,47.5,26.81,1258.8
1591488000.0,2020-06-07,LTCUSD,47.84,47.99,46.3,46.53,39.17,1845.71
1591401600.0,2020-06-06,LTCUSD,47.8,48.36,47,47.84,70.22,3322.95
1591315200.0,2020-06-05,LTCUSD,47.46,48.9,47.23,47.8,76.9,3679.67
1591228800.0,2020-06-04,LTCUSD,47.5,48.6,47.12,47.46,76.51,3678.75
1591142400.0,2020-06-03,LTCUSD,47.3,48.7,46.3,47.5,110.54,5268.95
1591056000.0,2020-06-02,LTCUSD,48,49.91,46,47.3,300.36,14212.06
1590969600.0,2020-06-01,LTCUSD,45.94,48,45.93,48,57.64,2718.01
1590883200.0,2020-05-31,LTCUSD,47,47.45,45.94,45.94,75.4,3529.82
1590796800.0,2020-05-30,LTCUSD,44.55,47.39,44.55,47,150.44,6988.32
1590710400.0,2020-05-29,LTCUSD,44.57,45.38,44.31,44.55,90.54,4068.58
1590624000.0,2020-05-28,LTCUSD,43.56,44.92,43.5,44.57,57.09,2540.4
1590537600.0,2020-05-27,LTCUSD,43.72,44.52,43.1,43.56,20.21,890.68
1590451200.0,2020-05-26,LTCUSD,43.94,44.46,43.1,43.72,41.66,1820.78
1590364800.0,2020-05-25,LTCUSD,43,45.1,43,43.94,41.71,1834.74
1590278400.0,2020-05-24,LTCUSD,44.99,45.23,43,43,52.16,2291.07
1590192000.0,2020-05-23,LTCUSD,45.29,45.29,44.27,44.99,53.01,2380.33
1590105600.0,2020-05-22,LTCUSD,43.5,45.34,43.26,45.29,41.93,1859.88
1590019200.0,2020-05-21,LTCUSD,44.54,45,42.8,43.5,117.23,5132.82
1589932800.0,2020-05-20,LTCUSD,45.55,46.01,44.4,44.54,142.7,6478.85
1589846400.0,2020-05-19,LTCUSD,44.8,45.55,44.38,45.55,33.0,1487.39
1589760000.0,2020-05-18,LTCUSD,44,45.63,43.21,44.8,116.39,5226.24
1589673600.0,2020-05-17,LTCUSD,43.4,44.3,43.2,44,120.83,5310.62
1589587200.0,2020-05-16,LTCUSD,43.49,43.99,42.55,43.4,63.77,2773.31
1589500800.0,2020-05-15,LTCUSD,43.45,43.65,42.06,43.49,116.14,5011.84
1589414400.0,2020-05-14,LTCUSD,43.5,44.08,42.4,43.45,106.91,4626.66
1589328000.0,2020-05-13,LTCUSD,42,44.3,41.74,43.5,140.27,5986.55
1589241600.0,2020-05-12,LTCUSD,41.94,43.56,41.74,42,46.05,1968.72
1589155200.0,2020-05-11,LTCUSD,42.11,43.43,40.63,41.94,112.2,4707.43
1589068800.0,2020-05-10,LTCUSD,47,47,41,42.11,855.16,36695.21
1588982400.0,2020-05-09,LTCUSD,47.04,48.82,46.5,47,168.49,8052.26
1588896000.0,2020-05-08,LTCUSD,47.4,47.8,45.46,47.04,74.26,3474.05
1588809600.0,2020-05-07,LTCUSD,45.28,48,45.21,47.4,228.32,10546.83
1588723200.0,2020-05-06,LTCUSD,47.07,47.58,45.28,45.28,558.57,26084.93
1588636800.0,2020-05-05,LTCUSD,47.61,47.69,46,47.07,93.67,4412.68
1588550400.0,2020-05-04,LTCUSD,48.39,48.39,45.94,47.61,92.67,4321.36
1588464000.0,2020-05-03,LTCUSD,48.87,49.5,47.35,48.39,68.45,3321.28
1588377600.0,2020-05-02,LTCUSD,47.26,49.5,46.88,48.87,78.19,3744.02
1588291200.0,2020-05-01,LTCUSD,47.38,48.1,46.53,47.26,94.67,4500.11
1588204800.0,2020-04-30,LTCUSD,48.5,50.7,46,47.38,236.71,11397.3
1588118400.0,2020-04-29,LTCUSD,45.85,49.49,45.67,48.5,494.51,23475.17
1588032000.0,2020-04-28,LTCUSD,44.59,46.22,44,45.85,137.58,6207.68
1587945600.0,2020-04-27,LTCUSD,45.09,45.2,43.54,44.59,122.16,5440.46
1587859200.0,2020-04-26,LTCUSD,44.77,45.67,44.44,45.09,72.27,3257.01
1587772800.0,2020-04-25,LTCUSD,44.5,45.35,44,44.77,49.58,2225.0
1587686400.0,2020-04-24,LTCUSD,43.3,44.98,42.67,44.5,127.09,5636.13
1587600000.0,2020-04-23,LTCUSD,41.52,43.52,41.3,43.3,111.0,4751.62
1587513600.0,2020-04-22,LTCUSD,41,42.28,40.9,41.52,73.4,3049.68
1587427200.0,2020-04-21,LTCUSD,41,41.8,40.25,41,77.71,3170.49
1587340800.0,2020-04-20,LTCUSD,43.03,43.85,40.8,41,108.96,4609.41
1587254400.0,2020-04-19,LTCUSD,44.82,44.98,42.5,43.03,59.57,2576.25
1587168000.0,2020-04-18,LTCUSD,42.78,44.83,42.57,44.82,92.75,4047.32
1587081600.0,2020-04-17,LTCUSD,43.27,43.59,42.37,42.78,18.54,795.62
1586995200.0,2020-04-16,LTCUSD,41.31,45,40.72,43.27,148.5,6354.77
1586908800.0,2020-04-15,LTCUSD,43.18,43.29,41.31,41.31,66.46,2803.69
1586822400.0,2020-04-14,LTCUSD,43.76,43.76,42.35,43.18,71.34,3050.33
1586736000.0,2020-04-13,LTCUSD,44.26,44.26,42.12,43.76,148.27,6357.86
1586649600.0,2020-04-12,LTCUSD,44.24,46.3,43.76,44.26,128.85,5805.34
1586563200.0,2020-04-11,LTCUSD,44.29,45.13,43.08,44.24,93.94,4163.28
1586476800.0,2020-04-10,LTCUSD,47.68,47.68,43.09,44.29,218.03,9844.04
1586390400.0,2020-04-09,LTCUSD,46.54,47.68,46.37,47.68,156.05,7366.24
1586304000.0,2020-04-08,LTCUSD,45.81,47.48,45,46.54,165.11,7711.58
1586217600.0,2020-04-07,LTCUSD,45,47.63,44.67,45.81,190.77,8827.24
1586131200.0,2020-04-06,LTCUSD,41.67,45.44,41.67,45,251.76,10952.75
1586044800.0,2020-04-05,LTCUSD,42.1,42.37,41.6,41.67,88.61,3724.74
1585958400.0,2020-04-04,LTCUSD,41.65,42.14,40.94,42.1,236.82,9921.66
1585872000.0,2020-04-03,LTCUSD,41,41.97,40.28,41.65,39.56,1630.06
1585785600.0,2020-04-02,LTCUSD,40.54,43,39.97,41,181.06,7481.55
1585699200.0,2020-04-01,LTCUSD,40.41,41,39,40.54,89.78,3616.48
1585612800.0,2020-03-31,LTCUSD,41.98,41.98,40.06,40.41,20.06,814.84
1585526400.0,2020-03-30,LTCUSD,39.95,41.99,39.18,41.98,62.6,2553.91
1585440000.0,2020-03-29,LTCUSD,40.6,40.73,39.09,39.95,57.28,2283.82
1585353600.0,2020-03-28,LTCUSD,40.82,41.62,39.37,40.6,114.7,4622.04
1585267200.0,2020-03-27,LTCUSD,41.5,42.68,40.56,40.82,88.53,3694.53
1585180800.0,2020-03-26,LTCUSD,40.93,41.5,40.11,41.5,33.64,1376.81
1585094400.0,2020-03-25,LTCUSD,41.29,43.43,39.4,40.93,149.56,6109.06
1585008000.0,2020-03-24,LTCUSD,41,42,39.77,41.29,113.26,4607.47
1584921600.0,2020-03-23,LTCUSD,37.59,41.39,37.08,41,140.11,5498.87
1584835200.0,2020-03-22,LTCUSD,40.72,41.21,37.45,37.59,106.02,4177.44
1584748800.0,2020-03-21,LTCUSD,39.78,42.22,38.4,40.72,240.98,9756.57
1584662400.0,2020-03-20,LTCUSD,42.3,46,37.5,39.78,570.4,24176.18
1584576000.0,2020-03-19,LTCUSD,36.5,42.31,36.5,42.3,383.78,15175.79
1584489600.0,2020-03-18,LTCUSD,37.39,37.39,35.13,36.5,305.63,11043.32
1584403200.0,2020-03-17,LTCUSD,34.54,38.58,34.19,37.39,149.56,5507.93
1584316800.0,2020-03-16,LTCUSD,39.04,40,32.51,34.54,768.64,27898.88
1584230400.0,2020-03-15,LTCUSD,38.35,41,37.98,39.04,151.62,5934.02
1584144000.0,2020-03-14,LTCUSD,41.91,41.91,37.12,38.35,147.34,5754.26
1584057600.0,2020-03-13,LTCUSD,38.35,44,35.1,41.91,1933.0,73224.42
1583971200.0,2020-03-12,LTCUSD,51.36,51.36,36.39,38.35,1193.82,47311.35
1583884800.0,2020-03-11,LTCUSD,52.32,53.2,48.22,51.36,64.12,3217.74
1583798400.0,2020-03-10,LTCUSD,50.38,55,49.36,52.32,111.97,5825.69
1583712000.0,2020-03-09,LTCUSD,54.5,55.35,49.16,50.38,334.11,17048.7
1583625600.0,2020-03-08,LTCUSD,62.71,62.71,54.5,54.5,269.22,15981.11
1583539200.0,2020-03-07,LTCUSD,64,66,62.71,62.71,37.73,2409.41
1583452800.0,2020-03-06,LTCUSD,63.3,65,61.74,64,28.46,1817.26
1583366400.0,2020-03-05,LTCUSD,63,65,62.09,63.3,55.95,3565.77
1583280000.0,2020-03-04,LTCUSD,63.45,63.59,62,63,50.94,3187.84
1583193600.0,2020-03-03,LTCUSD,63.68,65.99,62.37,63.45,164.78,10470.93
1583107200.0,2020-03-02,LTCUSD,60.1,64,59.25,63.68,142.22,8756.93
1583020800.0,2020-03-01,LTCUSD,61.2,62.39,58.65,60.1,53.98,3265.87
1582934400.0,2020-02-29,LTCUSD,63.03,63.23,60.15,61.2,46.58,2885.17
1582848000.0,2020-02-28,LTCUSD,65.96,66.27,60,63.03,109.2,6859.73
1582761600.0,2020-02-27,LTCUSD,63.99,67.93,61.1,65.96,138.82,8890.13
1582675200.0,2020-02-26,LTCUSD,73.68,73.68,62,63.99,189.28,12567.06
1582588800.0,2020-02-25,LTCUSD,76.47,76.95,72.48,73.68,80.93,5981.28
1582502400.0,2020-02-24,LTCUSD,79.98,79.98,73,76.47,202.36,15366.11
1582416000.0,2020-02-23,LTCUSD,76.41,80.6,76.41,79.98,96.97,7674.45
1582329600.0,2020-02-22,LTCUSD,74.65,77.99,73.44,76.41,74.76,5723.21
1582243200.0,2020-02-21,LTCUSD,71.5,76,70.29,74.65,122.57,9116.62
1582156800.0,2020-02-20,LTCUSD,73.24,73.24,68.9,71.5,132.63,9476.56
1582070400.0,2020-02-19,LTCUSD,77.66,78.71,72,73.24,231.4,17503.15
1581984000.0,2020-02-18,LTCUSD,73.7,78.8,71.04,77.66,145.06,10813.97
1581897600.0,2020-02-17,LTCUSD,76.21,76.21,69,73.7,179.46,12906.64
1581811200.0,2020-02-16,LTCUSD,77.6,80.97,69,76.21,123.39,9332.31
1581724800.0,2020-02-15,LTCUSD,83,83,74.5,77.6,299.24,23719.16
1581638400.0,2020-02-14,LTCUSD,80.75,83,79.67,83,149.87,12335.77
1581552000.0,2020-02-13,LTCUSD,82.15,85,78.1,80.75,243.25,19884.56
1581465600.0,2020-02-12,LTCUSD,76.94,83.89,76.07,82.15,379.15,30075.76
1581379200.0,2020-02-11,LTCUSD,74.3,77.25,73,76.94,155.72,11836.93
1581292800.0,2020-02-10,LTCUSD,77.06,77.07,72.5,74.3,143.87,10692.01
1581206400.0,2020-02-09,LTCUSD,77,78.55,75.3,77.06,485.82,37550.44
1581120000.0,2020-02-08,LTCUSD,74.31,78,72.3,77,124.85,9469.99
1581033600.0,2020-02-07,LTCUSD,73.04,74.99,72.99,74.31,130.99,9701.71
1580947200.0,2020-02-06,LTCUSD,71.53,74.37,71.11,73.04,90.49,6636.15
1580860800.0,2020-02-05,LTCUSD,68.99,72.57,68.03,71.53,136.51,9717.61
1580774400.0,2020-02-04,LTCUSD,69.57,70.4,67.1,68.99,99.72,6847.47
1580688000.0,2020-02-03,LTCUSD,70.28,72.34,69,69.57,146.76,10315.66
1580601600.0,2020-02-02,LTCUSD,71.94,72.5,68.5,70.28,93.37,6647.45
1580515200.0,2020-02-01,LTCUSD,67.49,72.5,67.49,71.94,123.62,8815.4
1580428800.0,2020-01-31,LTCUSD,68,69.91,66.28,67.49,95.32,6448.91
1580342400.0,2020-01-30,LTCUSD,60,70.15,58.01,68,285.07,18184.34
1580256000.0,2020-01-29,LTCUSD,60,61.48,59,60,118.26,7159.38
1580169600.0,2020-01-28,LTCUSD,58.8,61.21,58.3,60,237.26,14001.49
1580083200.0,2020-01-27,LTCUSD,55.61,59.84,55.61,58.8,103.24,5980.05
1579996800.0,2020-01-26,LTCUSD,53.8,57,52.91,55.61,108.7,5997.15
1579910400.0,2020-01-25,LTCUSD,54.64,54.8,52.7,53.8,56.89,3055.8
1579824000.0,2020-01-24,LTCUSD,55.47,56.05,51.4,54.64,75.22,4038.62
1579737600.0,2020-01-23,LTCUSD,58,58.28,53.85,55.47,57.4,3220.18
1579651200.0,2020-01-22,LTCUSD,57,58.85,57,58,40.22,2342.65
1579564800.0,2020-01-21,LTCUSD,58.17,58.28,56.5,57,43.17,2482.73
1579478400.0,2020-01-20,LTCUSD,57.13,58.6,56.54,58.17,60.25,3467.17
1579392000.0,2020-01-19,LTCUSD,59.77,61.92,56.43,57.13,91.57,5392.09
1579305600.0,2020-01-18,LTCUSD,61.02,61.89,59.1,59.77,90.09,5454.05
1579219200.0,2020-01-17,LTCUSD,58.1,62.88,56.78,61.02,162.34,9811.74
1579132800.0,2020-01-16,LTCUSD,58.4,58.5,55.35,58.1,73.61,4190.92
1579046400.0,2020-01-15,LTCUSD,58.54,59.84,55.95,58.4,110.95,6477.11
1578960000.0,2020-01-14,LTCUSD,51.75,61,51.75,58.54,166.39,9345.56
1578873600.0,2020-01-13,LTCUSD,51.9,51.99,50.18,51.75,65.81,3367.23
1578787200.0,2020-01-12,LTCUSD,51.28,52.49,50.03,51.9,99.54,5127.59
1578700800.0,2020-01-11,LTCUSD,49.16,52.54,47,51.28,147.59,7453.95
1578614400.0,2020-01-10,LTCUSD,46.21,50.1,45.13,49.16,145.06,6909.11
1578528000.0,2020-01-09,LTCUSD,46.65,46.65,45.12,46.21,114.19,5240.23
1578441600.0,2020-01-08,LTCUSD,46.22,48.7,45,46.65,159.71,7475.71
1578355200.0,2020-01-07,LTCUSD,45.36,47.1,44.83,46.22,145.35,6667.92
1578268800.0,2020-01-06,LTCUSD,43.93,45.8,43.48,45.36,65.26,2932.44
1578182400.0,2020-01-05,LTCUSD,43.07,44.76,42.45,43.93,210.82,9194.91
1578096000.0,2020-01-04,LTCUSD,42.04,43.1,41.84,43.07,41.88,1788.94
1578009600.0,2020-01-03,LTCUSD,40.52,42.4,40,42.04,118.55,4930.2
1577923200.0,2020-01-02,LTCUSD,42.36,42.37,40.1,40.52,158.3,6540.77
1577836800.0,2020-01-01,LTCUSD,41.66,42.72,41.66,42.36,48.29,2027.0
1577750400.0,2019-12-31,LTCUSD,42.3,43.5,41.5,41.66,86.62,3689.42
1577664000.0,2019-12-30,LTCUSD,43.89,44.5,41.96,42.3,165.46,7097.33
1577577600.0,2019-12-29,LTCUSD,43.9,44.33,42.77,43.89,72.67,3167.91
1577491200.0,2019-12-28,LTCUSD,41.58,44.49,41.58,43.9,33.12,1433.53
1577404800.0,2019-12-27,LTCUSD,41.04,43,40.7,41.58,75.84,3170.96
1577318400.0,2019-12-26,LTCUSD,41.05,42.31,40.57,41.04,81.54,3375.71
1577232000.0,2019-12-25,LTCUSD,41.22,41.89,41.04,41.05,23.35,962.01
1577145600.0,2019-12-24,LTCUSD,41.73,42.56,41.04,41.22,115.41,4797.66
1577059200.0,2019-12-23,LTCUSD,43.44,43.85,41,41.73,75.43,3212.35
1576972800.0,2019-12-22,LTCUSD,40.81,43.54,40.72,43.44,83.11,3519.98
1576886400.0,2019-12-21,LTCUSD,41.5,41.95,40.46,40.81,24.42,1005.81
1576800000.0,2019-12-20,LTCUSD,40.37,42.87,40,41.5,67.85,2804.25
1576713600.0,2019-12-19,LTCUSD,43,43,38,40.37,141.03,5789.46
1576627200.0,2019-12-18,LTCUSD,39.98,43,38.67,43,179.57,7287.61
1576540800.0,2019-12-17,LTCUSD,42.09,42.09,38.68,39.98,112.88,4552.89
1576454400.0,2019-12-16,LTCUSD,45.14,45.14,40.92,42.09,110.0,4759.38
1576368000.0,2019-12-15,LTCUSD,45.3,45.55,44.45,45.14,66.62,2998.96
1576281600.0,2019-12-14,LTCUSD,45,45.8,44.45,45.3,56.93,2572.48
1576195200.0,2019-12-13,LTCUSD,44.41,45.75,44.36,45,38.91,1757.88
1576108800.0,2019-12-12,LTCUSD,44.84,45.57,44,44.41,37.63,1674.5
1576022400.0,2019-12-11,LTCUSD,45.3,45.66,44.16,44.84,61.6,2774.28
1575936000.0,2019-12-10,LTCUSD,46.07,47.49,44.8,45.3,147.99,6771.91
1575849600.0,2019-12-09,LTCUSD,47.28,48.06,45.32,46.07,107.72,5032.43
1575763200.0,2019-12-08,LTCUSD,47.37,47.37,46.27,47.28,21.6,1011.98
1575676800.0,2019-12-07,LTCUSD,47.2,47.53,45,47.37,107.0,4982.09
1575590400.0,2019-12-06,LTCUSD,45.9,47.4,45.31,47.2,111.42,5129.5
1575504000.0,2019-12-05,LTCUSD,46.21,46.5,44.42,45.9,70.26,3194.18
1575417600.0,2019-12-04,LTCUSD,46.26,47.78,45.2,46.21,70.41,3257.76
1575331200.0,2019-12-03,LTCUSD,46.68,47.66,43,46.26,154.75,7182.08
1575244800.0,2019-12-02,LTCUSD,49.5,49.59,46.5,46.68,80.6,3879.12
1575158400.0,2019-12-01,LTCUSD,49,50.18,48,49.5,72.0,3536.86
1575072000.0,2019-11-30,LTCUSD,51.91,51.91,49,49,67.09,3382.06
1574985600.0,2019-11-29,LTCUSD,50,52,48.89,51.91,77.86,3953.96
1574899200.0,2019-11-28,LTCUSD,49.84,51.1,48.42,50,115.46,5705.65
1574812800.0,2019-11-27,LTCUSD,49.02,50.64,47.18,49.84,61.17,2995.39
1574726400.0,2019-11-26,LTCUSD,48.96,50,48.22,49.02,71.29,3483.2
1574640000.0,2019-11-25,LTCUSD,47.42,50.8,46.26,48.96,223.8,10969.54
1574553600.0,2019-11-24,LTCUSD,52.05,52.05,47.42,47.42,124.53,6134.73
1574467200.0,2019-11-23,LTCUSD,52.76,52.76,49.66,52.05,49.99,2553.47
1574380800.0,2019-11-22,LTCUSD,54.78,54.78,48.51,52.76,93.21,4779.64
1574294400.0,2019-11-21,LTCUSD,57.89,58.21,52,54.78,122.87,6765.46
1574208000.0,2019-11-20,LTCUSD,57.24,58.5,56.79,57.89,46.55,2668.45
1574121600.0,2019-11-19,LTCUSD,58.63,59.73,56.85,57.24,51.24,2968.3
1574035200.0,2019-11-18,LTCUSD,61.66,62.25,58,58.63,63.77,3850.03
1573948800.0,2019-11-17,LTCUSD,61.55,62.2,60.19,61.66,39.4,2426.95
1573862400.0,2019-11-16,LTCUSD,60.11,61.55,59.68,61.55,20.22,1221.82
1573776000.0,2019-11-15,LTCUSD,61.2,62.3,59,60.11,126.37,7696.57
1573689600.0,2019-11-14,LTCUSD,63.4,64.1,60.99,61.2,106.92,6620.83
1573603200.0,2019-11-13,LTCUSD,63.81,64.6,63,63.4,67.61,4308.59
1573516800.0,2019-11-12,LTCUSD,65,65.65,63.37,63.81,59.69,3840.38
1573430400.0,2019-11-11,LTCUSD,66.2,66.96,63.92,65,40.11,2610.18
1573344000.0,2019-11-10,LTCUSD,63.75,67.03,63.24,66.2,77.2,5039.43
1573257600.0,2019-11-09,LTCUSD,62.53,64.41,62.53,63.75,29.01,1843.54
1573171200.0,2019-11-08,LTCUSD,64,64,60.49,62.53,56.63,3527.57
1573084800.0,2019-11-07,LTCUSD,64.37,65.14,62,64,97.08,6128.98
1572998400.0,2019-11-06,LTCUSD,64.18,65.52,63.78,64.37,78.89,5095.98
1572912000.0,2019-11-05,LTCUSD,62.81,65.99,62.81,64.18,66.01,4247.81
1572825600.0,2019-11-04,LTCUSD,60.2,63.78,59.8,62.81,86.55,5379.99
1572739200.0,2019-11-03,LTCUSD,60.68,61,59.06,60.2,35.03,2100.44
1572652800.0,2019-11-02,LTCUSD,60.5,61.53,60,60.68,65.86,3993.56
1572566400.0,2019-11-01,LTCUSD,60.1,61.67,59.63,60.5,40.81,2469.81
1572480000.0,2019-10-31,LTCUSD,58.11,61.8,58.11,60.1,226.65,13768.04
1572393600.0,2019-10-30,LTCUSD,59.58,60.59,58,58.11,100.78,5905.66
1572307200.0,2019-10-29,LTCUSD,58.06,60.73,58.06,59.58,68.69,4079.28
1572220800.0,2019-10-28,LTCUSD,61.28,62,57,58.06,130.59,7761.24
1572134400.0,2019-10-27,LTCUSD,56.65,62,55.45,61.28,164.47,9869.38
1572048000.0,2019-10-26,LTCUSD,57,64.48,51.5,56.65,253.09,14772.61
1571961600.0,2019-10-25,LTCUSD,52.8,58.79,51,57,209.85,11851.06
1571875200.0,2019-10-24,LTCUSD,52.51,53.17,51.5,52.8,69.09,3626.53
1571788800.0,2019-10-23,LTCUSD,56.04,56.52,51,52.51,141.33,7585.7
1571702400.0,2019-10-22,LTCUSD,56.88,57.47,55.5,56.04,70.54,3965.9
1571616000.0,2019-10-21,LTCUSD,57,57.77,55.5,56.88,67.21,3797.42
1571529600.0,2019-10-20,LTCUSD,57.2,57.85,55.2,57,68.46,3881.09
1571443200.0,2019-10-19,LTCUSD,55.31,57.5,55.16,57.2,36.72,2065.3
1571356800.0,2019-10-18,LTCUSD,57.86,57.86,55,55.31,52.67,2944.37
1571270400.0,2019-10-17,LTCUSD,54.79,57.88,54.06,57.86,85.28,4798.0
1571184000.0,2019-10-16,LTCUSD,58.1,58.35,54.76,54.79,54.51,3056.67
1571097600.0,2019-10-15,LTCUSD,59.2,60,57.08,58.1,135.18,7857.58
1571011200.0,2019-10-14,LTCUSD,60,60,58.81,59.2,45.81,2723.26
1570924800.0,2019-10-13,LTCUSD,59.35,60.44,58.7,60,33.86,2019.11
1570838400.0,2019-10-12,LTCUSD,59.67,60.2,58.61,59.35,94.59,5604.75
1570752000.0,2019-10-11,LTCUSD,60.5,60.5,58.7,59.67,34.55,2057.39
1570665600.0,2019-10-10,LTCUSD,62.51,62.51,59.73,60.5,83.25,5058.55
1570579200.0,2019-10-09,LTCUSD,59.4,62.76,59.35,62.51,59.73,3657.32
1570492800.0,2019-10-08,LTCUSD,60.26,61.5,59.4,59.4,83.83,5057.8
1570406400.0,2019-10-07,LTCUSD,58.36,61.94,57.08,60.26,158.53,9463.98
1570320000.0,2019-10-06,LTCUSD,60,60.58,57.08,58.36,89.41,5290.36
1570233600.0,2019-10-05,LTCUSD,60,60.8,59.4,60,69.92,4191.76
1570147200.0,2019-10-04,LTCUSD,60.66,61.06,59,60,48.69,2936.61
1570060800.0,2019-10-03,LTCUSD,58.97,60.67,57.2,60.66,69.58,4130.1
1569974400.0,2019-10-02,LTCUSD,59.74,60.75,58.62,58.97,49.63,2955.71
1569888000.0,2019-10-01,LTCUSD,58.65,63.88,58.51,59.74,130.47,7864.94
1569801600.0,2019-09-30,LTCUSD,58.04,61,56.44,58.65,80.97,4762.05
1569715200.0,2019-09-29,LTCUSD,60,60,56.26,58.04,77.0,4427.6
1569628800.0,2019-09-28,LTCUSD,60.65,60.8,58.61,60,81.16,4850.26
1569542400.0,2019-09-27,LTCUSD,58.48,61.55,57.25,60.65,235.62,13992.4
1569456000.0,2019-09-26,LTCUSD,60.74,61.44,55.66,58.48,221.13,12978.57
1569369600.0,2019-09-25,LTCUSD,59.75,62,57.15,60.74,180.64,10760.98
1569283200.0,2019-09-24,LTCUSD,70.31,70.31,59.75,59.75,310.27,19892.75
1569196800.0,2019-09-23,LTCUSD,75.79,77.16,65.38,70.31,107.13,7853.6
1569110400.0,2019-09-22,LTCUSD,75.53,76.49,74.47,75.79,37.01,2788.87
1569024000.0,2019-09-21,LTCUSD,77.5,78.61,75.43,75.53,77.76,5965.07
1568937600.0,2019-09-20,LTCUSD,80.1,80.1,76.5,77.5,63.42,4930.31
1568851200.0,2019-09-19,LTCUSD,82,82,76,80.1,96.27,7523.46
1568764800.0,2019-09-18,LTCUSD,78.5,83.37,77.23,82,121.65,9749.69
1568678400.0,2019-09-17,LTCUSD,74.35,79.48,73.69,78.5,98.72,7612.87
1568592000.0,2019-09-16,LTCUSD,72.9,74.71,70,74.35,96.27,7006.38
1568505600.0,2019-09-15,LTCUSD,72.9,73.25,72,72.9,27.12,1964.16
1568419200.0,2019-09-14,LTCUSD,70.78,73,70.15,72.9,94.6,6800.34
1568332800.0,2019-09-13,LTCUSD,70.69,73,69.41,70.78,89.48,6350.65
1568246400.0,2019-09-12,LTCUSD,73,73,70.21,70.69,78.38,5580.42
1568160000.0,2019-09-11,LTCUSD,73,74.86,71,73,62.51,4579.45
1568073600.0,2019-09-10,LTCUSD,72.85,74.87,72.25,73,82.46,6085.3
1567987200.0,2019-09-09,LTCUSD,70.75,73.8,70.3,72.85,116.7,8388.73
1567900800.0,2019-09-08,LTCUSD,71.14,72.53,69.94,70.75,114.72,8205.47
1567814400.0,2019-09-07,LTCUSD,67.4,71.6,66,71.14,81.64,5704.92
1567728000.0,2019-09-06,LTCUSD,66.97,69.68,65.89,67.4,262.94,18090.84
1567641600.0,2019-09-05,LTCUSD,68.07,69.3,65.85,66.97,126.37,8481.03
1567555200.0,2019-09-04,LTCUSD,71.03,71.15,68.07,68.07,90.15,6245.24
1567468800.0,2019-09-03,LTCUSD,69,72.33,68.77,71.03,63.5,4473.12
1567382400.0,2019-09-02,LTCUSD,70.77,70.77,68.38,69,181.58,12471.64
1567296000.0,2019-09-01,LTCUSD,68.89,71,66.98,70.77,711.48,50076.93
1567209600.0,2019-08-31,LTCUSD,67.5,68.89,66.3,68.89,63.92,4315.99
1567123200.0,2019-08-30,LTCUSD,68.9,68.9,65.01,67.5,79.22,5364.11
1567036800.0,2019-08-29,LTCUSD,71.21,71.7,67,68.9,67.77,4686.69
1566950400.0,2019-08-28,LTCUSD,75.1,76.28,69,71.21,126.53,9276.92
1566864000.0,2019-08-27,LTCUSD,76,76.85,75,75.1,40.63,3081.82
1566777600.0,2019-08-26,LTCUSD,75.06,78.5,75.06,76,49.42,3795.5
1566691200.0,2019-08-25,LTCUSD,76.16,78,74.44,75.06,78.69,6032.11
1566604800.0,2019-08-24,LTCUSD,78.02,79.19,76,76.16,62.59,4802.56
1566518400.0,2019-08-23,LTCUSD,79,79.27,76.6,78.02,57.45,4472.74
1566432000.0,2019-08-22,LTCUSD,77.96,79,75,79,131.09,10151.87
1566345600.0,2019-08-21,LTCUSD,78.07,78.45,75,77.96,162.17,12303.82
1566259200.0,2019-08-20,LTCUSD,80.19,80.5,76.19,78.07,280.42,21944.55
1566172800.0,2019-08-19,LTCUSD,79.22,82.96,78.74,80.19,124.21,9931.36
1566086400.0,2019-08-18,LTCUSD,76.99,81.05,75.05,79.22,75.55,5927.28
1566000000.0,2019-08-17,LTCUSD,79.84,79.84,75.5,76.99,84.94,6612.86
1565913600.0,2019-08-16,LTCUSD,81,81,77,79.84,62.39,4911.31
1565827200.0,2019-08-15,LTCUSD,79.52,81.91,76.82,81,171.07,13582.68
1565740800.0,2019-08-14,LTCUSD,86.81,89.3,79.52,79.52,167.45,13982.87
1565654400.0,2019-08-13,LTCUSD,87.23,88.5,85.43,86.81,99.38,8647.48
1565568000.0,2019-08-12,LTCUSD,90.5,91.77,87,87.23,51.85,4573.19
1565481600.0,2019-08-11,LTCUSD,86.35,93.4,86.35,90.5,155.13,13906.85
1565395200.0,2019-08-10,LTCUSD,85,88.9,83.81,86.35,109.05,9473.44
1565308800.0,2019-08-09,LTCUSD,90.1,90.68,84.29,85,185.75,16246.86
1565222400.0,2019-08-08,LTCUSD,90.07,92.46,89.79,90.1,113.78,10316.02
1565136000.0,2019-08-07,LTCUSD,92.8,94.96,88.85,90.07,262.18,23824.63
1565049600.0,2019-08-06,LTCUSD,97,99.51,92.8,92.8,266.53,25584.11
1564963200.0,2019-08-05,LTCUSD,95.75,106.5,95.01,97,332.28,33425.69
1564876800.0,2019-08-04,LTCUSD,97.67,97.67,93,95.75,64.12,6059.83
1564790400.0,2019-08-03,LTCUSD,96.89,98.91,95.48,97.67,60.31,5858.12
1564704000.0,2019-08-02,LTCUSD,101.8,102.92,94.5,96.89,117.47,11682.89
1564617600.0,2019-08-01,LTCUSD,101,102.92,97.32,101.8,174.54,17348.59
1564531200.0,2019-07-31,LTCUSD,92.5,103.69,92.5,101,199.29,19761.05
1564444800.0,2019-07-30,LTCUSD,93.31,95,91.96,92.5,31.27,2912.29
1564358400.0,2019-07-29,LTCUSD,94.02,95.35,91.8,93.31,78.0,7316.58
1564272000.0,2019-07-28,LTCUSD,94.5,95.33,88.62,94.02,45.65,4263.11
1564185600.0,2019-07-27,LTCUSD,100,100.77,93.57,94.5,86.61,8381.06
1564099200.0,2019-07-26,LTCUSD,98.1,100.79,96.33,100,44.34,4345.42
1564012800.0,2019-07-25,LTCUSD,98.65,102.84,96.33,98.1,168.76,16996.28
1563926400.0,2019-07-24,LTCUSD,96.07,101.07,92.77,98.65,106.16,10304.85
1563840000.0,2019-07-23,LTCUSD,98.4,99.99,93.66,96.07,135.6,13013.3
1563753600.0,2019-07-22,LTCUSD,103.99,103.99,95,98.4,61.95,6162.92
1563667200.0,2019-07-21,LTCUSD,104.91,104.91,100.78,103.99,52.77,5409.82
1563580800.0,2019-07-20,LTCUSD,101,108.39,101,104.91,74.61,7816.9
1563494400.0,2019-07-19,LTCUSD,104.1,104.1,98.07,101,88.21,8823.75
1563408000.0,2019-07-18,LTCUSD,95.79,109.3,90.06,104.1,318.34,32536.76
1563321600.0,2019-07-17,LTCUSD,84.55,100.8,82,95.79,508.28,47068.05
1563235200.0,2019-07-16,LTCUSD,97.68,97.7,81.6,84.55,266.2,23440.36
1563148800.0,2019-07-15,LTCUSD,95.38,98.05,91.48,97.68,203.93,19396.81
1563062400.0,2019-07-14,LTCUSD,105.25,107,93.51,95.38,171.23,17011.23
1562976000.0,2019-07-13,LTCUSD,110.35,110.35,103.73,105.25,63.15,6753.7
1562889600.0,2019-07-12,LTCUSD,108.33,112.17,107.95,110.35,100.8,11128.33
1562803200.0,2019-07-11,LTCUSD,112.89,112.89,103.48,108.33,295.06,31722.13
1562716800.0,2019-07-10,LTCUSD,121.96,123,108.63,112.89,234.37,26914.28
1562630400.0,2019-07-09,LTCUSD,124.75,126.04,120.36,121.96,232.73,28520.56
1562544000.0,2019-07-08,LTCUSD,122,126.04,121.72,124.75,193.27,23790.94
1562457600.0,2019-07-07,LTCUSD,121.79,123.9,121.71,122,88.24,10818.08
1562371200.0,2019-07-06,LTCUSD,124.41,125,121,121.79,104.35,12886.55
1562284800.0,2019-07-05,LTCUSD,126.62,126.62,121.72,124.41,149.38,18537.66
1562198400.0,2019-07-04,LTCUSD,123,128.4,120,126.62,418.49,51626.68
1562112000.0,2019-07-03,LTCUSD,121.35,127,120.4,123,176.03,21801.27
1562025600.0,2019-07-02,LTCUSD,127.5,128,117.4,121.35,201.23,24697.95
1561939200.0,2019-07-01,LTCUSD,131.51,133.92,117.1,127.5,271.87,34004.05
1561852800.0,2019-06-30,LTCUSD,136,140,127.1,131.51,270.32,36117.68
1561766400.0,2019-06-29,LTCUSD,123.28,140,119.99,136,325.62,42869.39
1561680000.0,2019-06-28,LTCUSD,115.5,126.5,114.65,123.28,156.76,19085.8
1561593600.0,2019-06-27,LTCUSD,130.4,134.62,111.33,115.5,626.52,74690.67
1561507200.0,2019-06-26,LTCUSD,139.2,143.1,126.73,130.4,676.13,93201.01
1561420800.0,2019-06-25,LTCUSD,137,139.2,134.7,139.2,685.16,93047.2
1561334400.0,2019-06-24,LTCUSD,139.18,139.9,135.5,137,202.84,27887.95
1561248000.0,2019-06-23,LTCUSD,145.1,146.77,138.5,139.18,235.97,33664.83
1561161600.0,2019-06-22,LTCUSD,137,150,137,145.1,254.42,36438.84
1561075200.0,2019-06-21,LTCUSD,138.36,141.56,137,137,223.52,31027.3
1560988800.0,2019-06-20,LTCUSD,137.5,139.79,135,138.36,168.96,23177.06
1560902400.0,2019-06-19,LTCUSD,136.35,141.38,135,137.5,121.94,16991.52
1560816000.0,2019-06-18,LTCUSD,136.88,138,132.5,136.35,181.71,24612.96
1560729600.0,2019-06-17,LTCUSD,138.88,139.55,135,136.88,234.36,31852.9
1560643200.0,2019-06-16,LTCUSD,140,141.31,135.6,138.88,114.87,15828.39
1560556800.0,2019-06-15,LTCUSD,135.6,142.9,135.6,140,128.78,18039.93
1560470400.0,2019-06-14,LTCUSD,136.46,139.91,133,135.6,306.47,41768.93
1560384000.0,2019-06-13,LTCUSD,141.3,141.77,134.18,136.46,199.34,27736.17
1560297600.0,2019-06-12,LTCUSD,143.01,150,137.31,141.3,247.76,35839.29
1560211200.0,2019-06-11,LTCUSD,132.29,144.5,130.65,143.01,275.91,37439.42
1560124800.0,2019-06-10,LTCUSD,120.8,134,119.85,132.29,201.91,26051.52
1560038400.0,2019-06-09,LTCUSD,123,123.27,118.6,120.8,52.69,6387.49
1559952000.0,2019-06-08,LTCUSD,122.79,123.27,118.51,123,39.33,4744.34
1559865600.0,2019-06-07,LTCUSD,115,124.32,112.76,122.79,125.47,14996.34
1559779200.0,2019-06-06,LTCUSD,107,115,105.15,115,93.76,10277.47
1559692800.0,2019-06-05,LTCUSD,105.89,109.57,104.5,107,88.76,9437.74
1559606400.0,2019-06-04,LTCUSD,110,111.54,103,105.89,195.81,20840.92
1559520000.0,2019-06-03,LTCUSD,114.94,117.1,109.97,110,129.11,14678.35
1559433600.0,2019-06-02,LTCUSD,115.11,117.16,112.5,114.94,71.08,8188.16
1559347200.0,2019-06-01,LTCUSD,116.93,117.35,113.31,115.11,88.08,10164.16
1559260800.0,2019-05-31,LTCUSD,110.25,116.93,107.29,116.93,121.76,13613.34
1559174400.0,2019-05-30,LTCUSD,117.98,118.5,107.11,110.25,187.34,21493.99
1559088000.0,2019-05-29,LTCUSD,114.5,118.29,111.15,117.98,137.21,15915.72
1559001600.0,2019-05-28,LTCUSD,115.79,116.74,111.18,116.74,110.76,12639.96
1558915200.0,2019-05-27,LTCUSD,110.61,118.85,109.28,115.87,297.34,33525.34
1558828800.0,2019-05-26,LTCUSD,101.44,112,98.91,110.61,168.92,17645.71
1558742400.0,2019-05-25,LTCUSD,99.04,103.54,98.63,101.44,185.8,18782.72
1558656000.0,2019-05-24,LTCUSD,89.78,102.75,88.26,99.04,264.76,25480.2
1558569600.0,2019-05-23,LTCUSD,88.8,89.97,86.5,89.78,139.06,12246.42
1558483200.0,2019-05-22,LTCUSD,91.4,92.13,86.76,88.8,147.51,13338.68
1558396800.0,2019-05-21,LTCUSD,92.14,93.05,90,91.4,86.3,7894.84
1558310400.0,2019-05-20,LTCUSD,95.79,95.79,88.5,91,161.78,14730.42
1558224000.0,2019-05-19,LTCUSD,87.52,95.79,86.99,95.79,177.91,16719.37
1558137600.0,2019-05-18,LTCUSD,91.44,91.44,86.39,87.52,74.94,6626.6
1558051200.0,2019-05-17,LTCUSD,95.18,97.1,86.02,91.44,230.15,20691.72
1557964800.0,2019-05-16,LTCUSD,103.6,106.7,93,95.18,333.76,33046.23
1557878400.0,2019-05-15,LTCUSD,92.7,104.55,90.6,103.6,497.41,48714.96
1557792000.0,2019-05-14,LTCUSD,87.5,93.6,87.5,92.7,219.19,20046.13
1557705600.0,2019-05-13,LTCUSD,86.26,92.76,85.7,87.5,342.81,30556.49
1557619200.0,2019-05-12,LTCUSD,87.75,93.09,83.18,86.26,188.16,16594.51
1557532800.0,2019-05-11,LTCUSD,78.04,93.44,76.72,87.75,218.06,18837.66
1557446400.0,2019-05-10,LTCUSD,75.58,79.7,72.81,78.04,122.3,9291.94
1557360000.0,2019-05-09,LTCUSD,75.78,76.3,74,75.58,45.88,3449.51
1557273600.0,2019-05-08,LTCUSD,75.81,76.5,74.54,75.78,76.04,5745.51
1557187200.0,2019-05-07,LTCUSD,76.96,79.33,75.81,75.81,84.55,6510.96
1557100800.0,2019-05-06,LTCUSD,78,78.1,74.87,76.96,59.62,4570.19
1557014400.0,2019-05-05,LTCUSD,78.73,80.08,77.36,78,39.24,3071.25
1556928000.0,2019-05-04,LTCUSD,79.82,82.62,77.51,78.73,74.19,5894.93
1556841600.0,2019-05-03,LTCUSD,75.67,81.06,75.27,79.82,114.4,9024.34
1556755200.0,2019-05-02,LTCUSD,77,78,75.39,75.67,70.63,5413.01
1556668800.0,2019-05-01,LTCUSD,78.2,79.22,75.83,77,62.09,4805.89
1556582400.0,2019-04-30,LTCUSD,72.52,78.88,72.52,78.2,75.22,5783.66
1556496000.0,2019-04-29,LTCUSD,74.48,74.71,72.5,72.52,61.95,4529.54
1556409600.0,2019-04-28,LTCUSD,77.55,77.57,72.5,74.48,71.32,5395.76
1556323200.0,2019-04-27,LTCUSD,77.98,77.98,76.19,77.55,46.56,3580.73
1556236800.0,2019-04-26,LTCUSD,77,80,75.24,77.98,80.76,6271.74
1556150400.0,2019-04-25,LTCUSD,77.71,78.96,75.24,75.24,136.15,10504.52
1556064000.0,2019-04-24,LTCUSD,79.1,79.87,75.16,77.71,133.41,10358.09
1555977600.0,2019-04-23,LTCUSD,82.72,84.3,79.1,79.1,219.34,18014.92
1555891200.0,2019-04-22,LTCUSD,81.34,83.1,80.5,82.72,167.87,13708.91
1555804800.0,2019-04-21,LTCUSD,85.51,89.85,78.01,80.48,231.08,19027.67
1555718400.0,2019-04-20,LTCUSD,85.51,86.48,84.44,85.51,64.33,5476.31
1555632000.0,2019-04-19,LTCUSD,85.14,87.27,83.5,85.51,70.96,6084.27
1555545600.0,2019-04-18,LTCUSD,83.76,86.39,83.08,85.14,93.56,7916.06
1555459200.0,2019-04-17,LTCUSD,85,85.87,82.98,83.76,62.14,5242.59
1555372800.0,2019-04-16,LTCUSD,84.25,86.32,82.32,85,49.27,4160.95
1555286400.0,2019-04-15,LTCUSD,86.38,88,81,84.25,111.86,9513.82
1555200000.0,2019-04-14,LTCUSD,82.69,86.38,80,86.38,106.65,8781.61
1555113600.0,2019-04-13,LTCUSD,84.4,85.55,81.04,82.69,157.51,12995.71
1555027200.0,2019-04-12,LTCUSD,80.87,84.4,79.52,84.4,121.89,10087.94
1554940800.0,2019-04-11,LTCUSD,91.9,92.53,79.05,80.87,347.33,29596.67
1554854400.0,2019-04-10,LTCUSD,90,93.52,90,91.9,150.77,13823.88
1554768000.0,2019-04-09,LTCUSD,90.6,92.7,87.02,90,49.37,4459.76
1554681600.0,2019-04-08,LTCUSD,94.2,97.52,90.13,90.6,15.43,1417.3
1554595200.0,2019-04-07,LTCUSD,94.32,98.4,93.8,94.2,26.94,2615.16
1554508800.0,2019-04-06,LTCUSD,91.64,99.18,89.1,94.32,15.03,1389.0
1554422400.0,2019-04-05,LTCUSD,86.18,92.09,85.58,91.64,18.0,1634.12
1554336000.0,2019-04-04,LTCUSD,83.81,90.17,81.63,86.18,10.79,938.68
1554249600.0,2019-04-03,LTCUSD,77.03,99.42,77.03,83.81,8.956,777.04
1554163200.0,2019-04-02,LTCUSD,62.02,77.03,62,77.03,16.93,1164.33
1554076800.0,2019-04-01,LTCUSD,62.3,62.42,62,62.02,13.84,860.19
1553990400.0,2019-03-31,LTCUSD,62.56,62.56,62,62.3,27.26,1693.93
1553904000.0,2019-03-30,LTCUSD,63.02,63.47,62.1,62.56,5.799,363.04
1553817600.0,2019-03-29,LTCUSD,62.73,63.47,62.25,63.02,24.32,1528.19
1553731200.0,2019-03-28,LTCUSD,63.22,63.6,62.32,62.73,22.53,1412.3
1553644800.0,2019-03-27,LTCUSD,61.72,63.63,61.72,63.22,13.13,824.46
1553558400.0,2019-03-26,LTCUSD,62.08,62.91,60.59,61.72,8.481,525.15
1553472000.0,2019-03-25,LTCUSD,63,63.78,62,62.08,11.16,697.91
1553385600.0,2019-03-24,LTCUSD,63.59,64.26,62.87,63,8.171,516.9
1553299200.0,2019-03-23,LTCUSD,63.22,64.66,62.82,63.59,15.6,1002.36
1553212800.0,2019-03-22,LTCUSD,62.44,63.22,61.49,63.22,15.92,991.46
1553126400.0,2019-03-21,LTCUSD,63.45,63.45,61.7,62.44,12.1,756.94
1553040000.0,2019-03-20,LTCUSD,62.6,63.45,61.88,63.45,66.89,4165.01
1552953600.0,2019-03-19,LTCUSD,62.59,62.99,62,62.6,11.05,691.15
1552867200.0,2019-03-18,LTCUSD,64.03,64.7,62.59,62.59,0.5246,33.73
1552780800.0,2019-03-17,LTCUSD,62.08,64.03,62.08,64.03,1.159,73.53
1552694400.0,2019-03-16,LTCUSD,61.1,63.97,61.1,62.08,0.4989,31.51
1552608000.0,2019-03-15,LTCUSD,58.5,61.4,58.5,61.1,2.907,177.26
1552521600.0,2019-03-14,LTCUSD,58.8,59.51,58.5,58.5,0.1848,10.96
1552435200.0,2019-03-13,LTCUSD,59.89,59.89,58,58.8,0.3598,21.06
1552348800.0,2019-03-12,LTCUSD,57.65,59.89,57.65,59.89,0.06791,4.026
1552262400.0,2019-03-11,LTCUSD,59.94,60.43,57.22,57.65,0.794,46.44
1552176000.0,2019-03-10,LTCUSD,59.59,59.97,59.4,59.94,0.2271,13.51
1552089600.0,2019-03-09,LTCUSD,59.33,60.89,59.3,59.59,1.008,60.19
1552003200.0,2019-03-08,LTCUSD,59.92,59.92,59,59.33,0.7632,45.22
1551916800.0,2019-03-07,LTCUSD,55.54,59.92,55.54,59.92,0.3199,18.88
1551830400.0,2019-03-06,LTCUSD,53.59,56.98,53.59,55.54,1.355,75.65
1551744000.0,2019-03-05,LTCUSD,50,53.59,49.91,53.59,0.1098,5.635
1551657600.0,2019-03-04,LTCUSD,52.53,52.53,49.68,50,1.825,91.61
1551571200.0,2019-03-03,LTCUSD,51.44,52.53,51.44,52.53,3.879,203.76
1551484800.0,2019-03-02,LTCUSD,52.16,52.16,51.44,51.44,0.3894,20.03
1551398400.0,2019-03-01,LTCUSD,49.91,52.16,49.54,52.16,1.655,84.07
1551312000.0,2019-02-28,LTCUSD,48.59,49.91,48.59,49.91,1.446,72.07
1551225600.0,2019-02-27,LTCUSD,48,48.59,48,48.59,0.875,42.41
1551139200.0,2019-02-26,LTCUSD,48.4,49.42,48,48,4.26,206.12
1551052800.0,2019-02-25,LTCUSD,48.3,49,48.3,48.4,0.1344,6.56
1550966400.0,2019-02-24,LTCUSD,54.12,55.15,48.3,48.3,4.356,239.81
1550880000.0,2019-02-23,LTCUSD,53.57,54.12,52.46,54.12,1.257,66.57
1550793600.0,2019-02-22,LTCUSD,52.02,53.57,52.02,53.57,1.793,94.9
1550707200.0,2019-02-21,LTCUSD,53.81,54.64,52.02,52.02,1.212,65.92
1550620800.0,2019-02-20,LTCUSD,51.36,54,50.56,53.81,4.53,239.64
1550534400.0,2019-02-19,LTCUSD,51.04,52.56,49.75,51.36,70.65,3579.61
1550448000.0,2019-02-18,LTCUSD,47.22,52.51,46.75,51.04,407.31,20247.03
1550361600.0,2019-02-17,LTCUSD,46.88,48,46.09,47.22,327.52,15431.84
1550275200.0,2019-02-16,LTCUSD,45.7,47.43,45.69,46.88,203.59,9562.48
1550188800.0,2019-02-15,LTCUSD,44.61,47.5,44.61,45.7,374.0,17158.55
1550102400.0,2019-02-14,LTCUSD,44.52,45.7,44,44.61,237.19,10621.16
1550016000.0,2019-02-13,LTCUSD,46.85,47.54,43.86,44.52,172.0,7867.24
1549929600.0,2019-02-12,LTCUSD,45.52,47,44.4,46.85,201.14,9223.01
1549843200.0,2019-02-11,LTCUSD,48.72,48.72,44.17,45.52,139.05,6405.1
1549756800.0,2019-02-10,LTCUSD,47.04,49.99,44.98,48.72,196.3,9267.82
1549670400.0,2019-02-09,LTCUSD,44,48,43.03,47.04,238.6,10997.3
1549584000.0,2019-02-08,LTCUSD,35.12,45.98,35.12,44,947.94,40362.58
1549497600.0,2019-02-07,LTCUSD,34.98,36,34.76,35.12,91.95,3256.85
1549411200.0,2019-02-06,LTCUSD,36.47,36.47,34.5,34.98,187.02,6592.26
1549324800.0,2019-02-05,LTCUSD,36.79,37.12,36.24,36.47,111.87,4098.75
1549238400.0,2019-02-04,LTCUSD,36.14,37.23,35.92,36.79,125.43,4571.13
1549152000.0,2019-02-03,LTCUSD,36.7,37.44,35.97,36.14,118.15,4333.41
1549065600.0,2019-02-02,LTCUSD,35.59,37.45,34.8,36.7,217.96,7787.36
1548979200.0,2019-02-01,LTCUSD,34.33,35.93,33.5,35.59,149.14,5153.13
1548892800.0,2019-01-31,LTCUSD,35.09,35.17,34.16,34.33,217.44,7491.6
1548806400.0,2019-01-30,LTCUSD,33.99,35.4,33.39,35.09,202.83,6968.83
1548720000.0,2019-01-29,LTCUSD,34.34,34.5,33.3,33.99,170.65,5757.77
1548633600.0,2019-01-28,LTCUSD,35.5,35.7,33.4,34.34,141.68,4868.56
1548547200.0,2019-01-27,LTCUSD,36.3,36.68,35.43,35.5,375.16,13429.76
1548460800.0,2019-01-26,LTCUSD,35.84,37.49,35.68,36.3,145.33,5280.69
1548374400.0,2019-01-25,LTCUSD,35.84,36.2,34.97,35.84,295.13,10533.1
1548288000.0,2019-01-24,LTCUSD,34.9,35.85,34.27,35.84,282.91,9868.13
1548201600.0,2019-01-23,LTCUSD,34.69,35.35,34.2,34.9,431.21,15090.46
1548115200.0,2019-01-22,LTCUSD,33.77,34.7,33.05,34.69,214.72,7324.28
1548028800.0,2019-01-21,LTCUSD,34,34.46,33.42,33.77,282.43,9556.8
1547942400.0,2019-01-20,LTCUSD,35.41,35.97,33.64,34,234.61,8174.33
1547856000.0,2019-01-19,LTCUSD,33.51,36,33.46,35.41,383.84,13242.29
1547769600.0,2019-01-18,LTCUSD,34.44,34.54,33.03,33.51,136.21,4602.89
1547683200.0,2019-01-17,LTCUSD,34.98,34.98,33.01,34.44,317.18,10706.41
1547596800.0,2019-01-16,LTCUSD,34,35,33.05,34.98,307.99,10379.14
1547510400.0,2019-01-15,LTCUSD,35,35.35,33.07,34,330.71,11383.24
1547424000.0,2019-01-14,LTCUSD,33.31,35.72,33.01,35,245.89,8461.25
1547337600.0,2019-01-13,LTCUSD,34.8,36.01,32.86,33.31,264.52,9202.51
1547251200.0,2019-01-12,LTCUSD,34.92,36.15,34.33,34.8,171.32,6015.89
1547164800.0,2019-01-11,LTCUSD,36.21,36.99,34,34.92,175.43,6272.58
1547078400.0,2019-01-10,LTCUSD,41.18,41.75,35,36.21,355.52,13369.61
1546992000.0,2019-01-09,LTCUSD,42.25,43.29,41.16,41.18,122.42,5164.54
1546905600.0,2019-01-08,LTCUSD,40.5,44,40.39,42.25,214.48,9012.24
1546819200.0,2019-01-07,LTCUSD,41.29,41.98,39.95,40.5,264.56,10900.14
1546732800.0,2019-01-06,LTCUSD,37.67,43,37.19,41.29,482.39,19700.34
1546646400.0,2019-01-05,LTCUSD,35.36,39.5,35,37.67,463.48,17052.7
1546560000.0,2019-01-04,LTCUSD,34.44,35.9,34.04,35.36,143.57,5044.43
1546473600.0,2019-01-03,LTCUSD,35.09,35.79,33.8,34.44,110.7,3852.37
1546387200.0,2019-01-02,LTCUSD,33.86,35.79,33.66,35.09,279.71,9762.51
1546300800.0,2019-01-01,LTCUSD,32.47,34.53,32.06,33.86,208.46,6934.25
1546214400.0,2018-12-31,LTCUSD,33.51,33.88,32,32.47,151.79,4997.79
1546128000.0,2018-12-30,LTCUSD,32.67,34.53,32.06,33.51,139.28,4673.07
1546041600.0,2018-12-29,LTCUSD,33.36,34.9,32.67,32.67,127.52,4268.46
1545955200.0,2018-12-28,LTCUSD,29.34,35,29.29,33.36,210.96,6884.3
1545868800.0,2018-12-27,LTCUSD,32.25,32.5,29.31,29.34,244.22,7562.9
1545782400.0,2018-12-26,LTCUSD,32.22,34.86,31.15,32.25,178.96,5766.39
1545696000.0,2018-12-25,LTCUSD,34.98,34.98,31.6,32.22,287.28,9383.21
1545609600.0,2018-12-24,LTCUSD,35.5,38.25,34.57,34.98,478.64,17536.27
1545523200.0,2018-12-23,LTCUSD,33.67,35.7,33,35.5,426.11,14731.35
1545436800.0,2018-12-22,LTCUSD,32.49,33.67,32,33.67,131.75,4300.72
1545350400.0,2018-12-21,LTCUSD,33.97,34.46,32.1,32.49,223.07,7446.05
1545264000.0,2018-12-20,LTCUSD,31.92,34.85,31,33.97,468.39,15643.55
1545177600.0,2018-12-19,LTCUSD,31.5,34.89,31,31.92,653.01,20994.23
1545091200.0,2018-12-18,LTCUSD,30.7,31.98,29.33,31.5,297.06,8983.73
1545004800.0,2018-12-17,LTCUSD,26.8,32.22,26.8,30.7,430.01,12695.2
1544918400.0,2018-12-16,LTCUSD,25.2,27.68,25.05,26.8,394.1,10707.6
1544832000.0,2018-12-15,LTCUSD,25.09,25.77,24.73,25.2,256.95,6478.39
1544745600.0,2018-12-14,LTCUSD,25,25.8,24.7,25.09,144.31,3638.29
1544659200.0,2018-12-13,LTCUSD,26.1,26.3,24.83,25,134.64,3451.87
1544572800.0,2018-12-12,LTCUSD,25.35,26.93,25.03,26.1,245.72,6421.92
1544486400.0,2018-12-11,LTCUSD,25.65,26.27,24.89,25.35,117.41,2984.25
1544400000.0,2018-12-10,LTCUSD,26.79,27.13,25.04,25.65,237.35,6198.24
1544313600.0,2018-12-09,LTCUSD,26,28.34,25.72,26.79,243.41,6585.43
1544227200.0,2018-12-08,LTCUSD,26.69,28.02,24.67,26,314.68,8190.9
1544140800.0,2018-12-07,LTCUSD,29.55,30.73,24.28,26.69,406.03,11024.18
1544054400.0,2018-12-06,LTCUSD,31.66,33.18,29.55,29.55,432.58,13440.13
1543968000.0,2018-12-05,LTCUSD,33.1,33.27,31.39,31.66,286.94,9360.98
1543881600.0,2018-12-04,LTCUSD,33.43,34.89,31.39,33.1,340.82,11362.06
1543795200.0,2018-12-03,LTCUSD,35.72,35.99,32.5,33.43,159.46,5461.93
1543708800.0,2018-12-02,LTCUSD,36.36,37.17,35.24,35.72,189.62,6806.17
1543622400.0,2018-12-01,LTCUSD,34.1,36.93,33.1,36.36,170.3,6041.4
1543536000.0,2018-11-30,LTCUSD,35.38,36.2,33.49,34.1,340.58,11680.35
1543449600.0,2018-11-29,LTCUSD,36.36,36.94,33.14,35.38,694.3,24686.3
1543363200.0,2018-11-28,LTCUSD,33.4,38,32.11,36.36,533.1,19036.47
1543276800.0,2018-11-27,LTCUSD,31.81,33.54,31.02,33.4,269.57,8754.5
1543190400.0,2018-11-26,LTCUSD,31,34.18,30.01,31.81,300.62,9781.1
1543104000.0,2018-11-25,LTCUSD,32.25,34.21,30,31,517.07,16544.45
1543017600.0,2018-11-24,LTCUSD,35.5,35.8,31.28,32.25,214.08,7322.71
1542931200.0,2018-11-23,LTCUSD,34.94,35.8,33.07,35.5,354.12,12220.44
1542844800.0,2018-11-22,LTCUSD,37.5,38.28,34.94,34.94,679.51,25105.49
1542758400.0,2018-11-21,LTCUSD,36.43,37.5,34.75,37.5,353.36,12766.01
1542672000.0,2018-11-20,LTCUSD,40.6,40.78,33,36.43,1016.98,37759.73
1542585600.0,2018-11-19,LTCUSD,46,46,38.81,40.6,635.92,26137.13
1542499200.0,2018-11-18,LTCUSD,45.35,46.02,44.8,46,210.49,9559.19
1542412800.0,2018-11-17,LTCUSD,45.85,46.16,44.4,45.35,244.32,11039.05
1542326400.0,2018-11-16,LTCUSD,48.14,48.44,45.52,45.85,188.29,8810.97
1542240000.0,2018-11-15,LTCUSD,48.38,49.86,44.01,48.14,518.99,24545.06
1542153600.0,2018-11-14,LTCUSD,51.87,54.02,45.7,48.38,756.05,37104.56
1542067200.0,2018-11-13,LTCUSD,52.88,52.97,51.36,51.87,213.57,11154.41
1541980800.0,2018-11-12,LTCUSD,52.99,53.53,52.33,52.88,311.19,16467.38
1541894400.0,2018-11-11,LTCUSD,54.28,54.31,51.79,52.99,114.0,6046.58
1541808000.0,2018-11-10,LTCUSD,54.16,54.77,53.32,54.28,220.46,11880.49
1541721600.0,2018-11-09,LTCUSD,53.92,54.5,53.26,54.16,130.04,7030.21
1541635200.0,2018-11-08,LTCUSD,56.08,56.17,53.57,53.92,137.52,7566.25
1541548800.0,2018-11-07,LTCUSD,57.24,58,55,56.08,225.71,12729.56
1541462400.0,2018-11-06,LTCUSD,55.1,57.9,55.1,57.24,242.07,13530.91
1541376000.0,2018-11-05,LTCUSD,56,56.62,54.54,55.1,185.23,10205.66
1541289600.0,2018-11-04,LTCUSD,52.75,57.35,52.53,56,373.44,20577.56
1541203200.0,2018-11-03,LTCUSD,53.04,53.79,52.34,52.75,125.9,6660.91
1541116800.0,2018-11-02,LTCUSD,52.4,54.3,52,53.04,146.23,7755.09
1541030400.0,2018-11-01,LTCUSD,51.87,52.99,50.13,52.4,84.52,4362.95
1540944000.0,2018-10-31,LTCUSD,51.54,52.4,48.1,51.87,246.42,12642.73
1540857600.0,2018-10-30,LTCUSD,51.85,52.99,51.29,51.54,104.78,5439.69
1540771200.0,2018-10-29,LTCUSD,54.48,54.6,51,51.85,387.42,20389.85
1540684800.0,2018-10-28,LTCUSD,54.15,54.9,54.01,54.48,74.83,4057.89
1540598400.0,2018-10-27,LTCUSD,54.79,54.79,54.15,54.15,64.51,3517.22
1540512000.0,2018-10-26,LTCUSD,54.66,54.99,54.27,54.79,131.04,7164.91
1540425600.0,2018-10-25,LTCUSD,54.59,55.15,54.5,54.66,229.54,12569.15
1540339200.0,2018-10-24,LTCUSD,54.9,55.35,54.59,54.59,123.06,6759.3
1540252800.0,2018-10-23,LTCUSD,54.8,55.49,54.5,54.9,183.43,10127.03
1540166400.0,2018-10-22,LTCUSD,55.94,56.2,54.5,54.8,138.1,7623.39
1540080000.0,2018-10-21,LTCUSD,56.13,56.15,55.05,55.94,140.11,7792.61
1539993600.0,2018-10-20,LTCUSD,55.26,56.2,54.86,56.13,163.51,9077.81
1539907200.0,2018-10-19,LTCUSD,54.36,56,53.89,55.26,117.09,6426.82
1539820800.0,2018-10-18,LTCUSD,55.56,56.86,53.1,54.36,253.6,13788.1
1539734400.0,2018-10-17,LTCUSD,56.42,56.42,54.58,55.56,295.51,16397.6
1539648000.0,2018-10-16,LTCUSD,56.4,59,55.74,56.42,353.92,20203.84
1539561600.0,2018-10-15,LTCUSD,54.83,59.05,54.83,56.4,290.84,16446.65
1539475200.0,2018-10-14,LTCUSD,56.17,56.84,54.83,54.83,121.21,6799.16
1539388800.0,2018-10-13,LTCUSD,56.41,57.31,55.75,56.17,165.36,9319.23
1539302400.0,2018-10-12,LTCUSD,54.3,56.46,53.52,56.41,226.16,12499.8
1539216000.0,2018-10-11,LTCUSD,59.35,59.75,53.06,54.3,606.03,33979.96
1539129600.0,2018-10-10,LTCUSD,60,60.34,58.1,59.35,247.45,14655.41
1539043200.0,2018-10-09,LTCUSD,60.03,60.87,59.3,60,121.91,7311.02
1538956800.0,2018-10-08,LTCUSD,58.58,61.14,58.18,60.03,137.27,8214.61
1538870400.0,2018-10-07,LTCUSD,58.33,59.5,57.64,58.58,156.3,9170.11
1538784000.0,2018-10-06,LTCUSD,59.42,59.68,57.92,58.33,241.61,14218.7
1538697600.0,2018-10-05,LTCUSD,59.27,60,58.4,59.42,139.11,8190.68
1538611200.0,2018-10-04,LTCUSD,58.2,60.18,58,59.27,296.58,17667.05
1538524800.0,2018-10-03,LTCUSD,60.79,60.79,57.87,58.2,310.7,18315.22
1538438400.0,2018-10-02,LTCUSD,61.08,62.2,60.27,60.79,141.42,8649.0
1538352000.0,2018-10-01,LTCUSD,62.12,62.27,60,61.08,603.12,37194.96
1538265600.0,2018-09-30,LTCUSD,62.99,63.65,61.8,62.12,198.1,12342.2
1538179200.0,2018-09-29,LTCUSD,62.9,63.29,61.1,62.99,272.14,16926.76
1538092800.0,2018-09-28,LTCUSD,64.12,65.77,61.49,62.9,178.91,11361.56
1538006400.0,2018-09-27,LTCUSD,59.62,67.29,59.62,64.12,1097.2,69026.57
1537920000.0,2018-09-26,LTCUSD,58.99,61.5,58.27,59.62,392.94,23613.34
1537833600.0,2018-09-25,LTCUSD,59.18,60.27,56.34,58.99,344.18,20120.5
1537747200.0,2018-09-24,LTCUSD,62.32,62.4,58.24,59.18,560.67,33477.89
1537660800.0,2018-09-23,LTCUSD,61.25,64.9,61.25,62.32,209.45,13178.08
1537574400.0,2018-09-22,LTCUSD,61.86,62.5,59.09,61.25,195.68,11930.67
1537488000.0,2018-09-21,LTCUSD,59,62.99,58.25,61.86,414.53,24937.0
1537401600.0,2018-09-20,LTCUSD,56.19,59.19,55.89,59,152.71,8745.26
1537315200.0,2018-09-19,LTCUSD,56.28,57.43,55.13,56.19,302.59,17018.88
1537228800.0,2018-09-18,LTCUSD,54.7,57.03,53.5,56.28,463.84,25901.68
1537142400.0,2018-09-17,LTCUSD,59.26,59.26,54.16,54.7,320.94,18257.52
1537056000.0,2018-09-16,LTCUSD,58.08,59.26,56.17,59.26,194.91,11386.57
1536969600.0,2018-09-15,LTCUSD,58.9,60.3,57.76,58.08,246.45,14562.82
1536883200.0,2018-09-14,LTCUSD,55.93,60.3,54.6,58.9,269.86,15503.54
1536796800.0,2018-09-13,LTCUSD,53.87,57.22,53.87,55.93,686.4,38280.25
1536710400.0,2018-09-12,LTCUSD,53.75,55.25,50.1,53.87,252.14,13122.86
1536624000.0,2018-09-11,LTCUSD,56.98,57.69,53.01,53.75,189.45,10595.81
1536537600.0,2018-09-10,LTCUSD,57.19,59.9,55.05,56.98,341.83,19368.03
1536451200.0,2018-09-09,LTCUSD,56.18,59.99,55.05,57.19,297.67,16929.23
1536364800.0,2018-09-08,LTCUSD,58.59,59.75,55.05,56.18,265.97,15172.23
1536278400.0,2018-09-07,LTCUSD,62.84,62.84,58,58.59,211.25,12553.32
1536192000.0,2018-09-06,LTCUSD,61.31,62.84,57.97,62.84,757.19,44458.46
1536105600.0,2018-09-05,LTCUSD,69.46,70,61,61.31,530.37,34301.98
1536019200.0,2018-09-04,LTCUSD,66.76,71.12,66.61,69.46,420.84,29080.97
1535932800.0,2018-09-03,LTCUSD,67.83,67.83,65.05,66.76,266.93,17654.57
1535846400.0,2018-09-02,LTCUSD,67.34,67.85,65.05,67.83,228.14,15110.62
1535760000.0,2018-09-01,LTCUSD,63,69,63,67.34,329.19,21475.62
1535673600.0,2018-08-31,LTCUSD,61.36,64.75,60.69,63,198.99,12341.31
1535587200.0,2018-08-30,LTCUSD,62,62.55,59,61.36,170.13,10391.68
1535500800.0,2018-08-29,LTCUSD,64.29,64.7,60.89,62,265.01,16593.46
1535414400.0,2018-08-28,LTCUSD,60.89,65,58.71,64.29,290.24,17911.39
1535328000.0,2018-08-27,LTCUSD,58.09,60.89,57.29,60.89,192.45,11323.3
1535241600.0,2018-08-26,LTCUSD,59.06,59.06,57.4,58.09,158.22,9186.35
1535155200.0,2018-08-25,LTCUSD,58.98,59.06,58.11,59.06,83.66,4903.16
1535068800.0,2018-08-24,LTCUSD,58.45,59,57.02,58.98,258.17,15058.4
1534982400.0,2018-08-23,LTCUSD,57.12,59,56.76,58.45,254.29,14612.79
1534896000.0,2018-08-22,LTCUSD,57.87,59.17,56.44,57.12,326.52,18808.04
1534809600.0,2018-08-21,LTCUSD,57.03,58.74,56,57.87,125.17,7173.58
1534723200.0,2018-08-20,LTCUSD,59.02,59.8,55.4,57.03,252.32,14576.55
1534636800.0,2018-08-19,LTCUSD,58.94,60.34,57.9,59.02,183.25,10849.77
1534550400.0,2018-08-18,LTCUSD,62.31,63.38,57,58.94,190.33,11337.99
1534464000.0,2018-08-17,LTCUSD,56.93,62.31,56.66,62.31,265.84,15811.79
1534377600.0,2018-08-16,LTCUSD,56,58.88,56,56.93,234.33,13460.39
1534291200.0,2018-08-15,LTCUSD,56.7,61,56,56,263.34,15248.2
1534204800.0,2018-08-14,LTCUSD,59.53,60.26,53,56.7,472.23,26161.84
1534118400.0,2018-08-13,LTCUSD,63.4,63.96,59.28,59.53,790.08,48971.8
1534032000.0,2018-08-12,LTCUSD,61.83,65.55,61.6,63.4,362.64,23160.14
1533945600.0,2018-08-11,LTCUSD,62.7,63.92,58.34,61.83,377.16,22869.85
1533859200.0,2018-08-10,LTCUSD,67.3,67.98,61.27,62.7,594.54,38627.15
1533772800.0,2018-08-09,LTCUSD,65.99,69,64.02,67.3,361.13,24228.28
1533686400.0,2018-08-08,LTCUSD,69.88,71.53,65,65.99,230.89,15795.74
1533600000.0,2018-08-07,LTCUSD,76.99,78.49,69.88,69.88,476.46,35333.6
1533513600.0,2018-08-06,LTCUSD,78.51,79.89,75.74,76.99,502.53,39428.63
1533427200.0,2018-08-05,LTCUSD,77.37,78.85,76.8,78.51,160.64,12487.51
1533340800.0,2018-08-04,LTCUSD,80.38,81.29,76.25,77.37,208.24,16497.1
1533254400.0,2018-08-03,LTCUSD,78.74,81,78.52,80.38,252.48,20067.81
1533168000.0,2018-08-02,LTCUSD,79.38,81.2,78,78.74,130.18,10319.31
1533081600.0,2018-08-01,LTCUSD,80.82,81.13,79,79.38,171.77,13739.54
1532995200.0,2018-07-31,LTCUSD,83.49,83.93,78.39,80.82,337.05,27060.96
1532908800.0,2018-07-30,LTCUSD,84.7,85.31,80.57,83.49,234.65,19492.02
1532822400.0,2018-07-29,LTCUSD,84.32,84.88,83.56,84.7,128.76,10827.96
1532736000.0,2018-07-28,LTCUSD,84.86,85.15,83,84.32,146.86,12363.14
1532649600.0,2018-07-27,LTCUSD,84.06,85.7,82.16,84.86,327.91,27531.72
1532563200.0,2018-07-26,LTCUSD,86.59,88.04,83.5,84.06,209.36,18024.67
1532476800.0,2018-07-25,LTCUSD,88.83,89.5,85.1,86.59,197.4,17137.92
1532390400.0,2018-07-24,LTCUSD,82.5,89.74,82.28,88.83,347.9,30291.06
1532304000.0,2018-07-23,LTCUSD,82.64,86,82.5,82.5,271.98,23019.3
1532217600.0,2018-07-22,LTCUSD,84.44,84.5,82.28,82.64,116.64,9731.55
1532131200.0,2018-07-21,LTCUSD,83.93,86,81.7,84.44,178.12,14942.17
1532044800.0,2018-07-20,LTCUSD,86.63,87.76,82.4,83.93,239.46,20251.66
1531958400.0,2018-07-19,LTCUSD,85.34,89.04,84.9,86.63,264.26,22876.63
1531872000.0,2018-07-18,LTCUSD,87.51,92.5,85.25,85.34,354.89,31611.74
1531785600.0,2018-07-17,LTCUSD,84,89.48,82,87.51,326.45,27811.13
1531699200.0,2018-07-16,LTCUSD,79.57,84,79.46,84,374.82,30852.75
1531612800.0,2018-07-15,LTCUSD,77.06,81.58,76.89,79.57,153.78,12269.26
1531526400.0,2018-07-14,LTCUSD,78.41,79.24,75.92,77.06,378.2,29113.56
1531440000.0,2018-07-13,LTCUSD,78.76,81.01,78,78.41,352.26,27902.48
1531353600.0,2018-07-12,LTCUSD,81.02,81.02,77.06,78.76,167.43,13156.81
1531267200.0,2018-07-11,LTCUSD,78.46,83.75,77.81,81.02,317.96,25453.15
1531180800.0,2018-07-10,LTCUSD,82,82.4,76,78.46,370.78,29063.01
1531094400.0,2018-07-09,LTCUSD,83.45,84.61,82,82,180.24,15038.09
1531008000.0,2018-07-08,LTCUSD,85,86,83.27,83.45,272.25,23008.22
1530921600.0,2018-07-07,LTCUSD,84.59,85,82.01,85,275.44,22988.25
1530835200.0,2018-07-06,LTCUSD,84.73,86.1,82.61,84.59,264.33,22188.79
1530748800.0,2018-07-05,LTCUSD,86.77,88.1,83.96,84.73,440.7,37981.56
1530662400.0,2018-07-04,LTCUSD,86.89,88.93,85.09,86.77,307.57,26748.07
1530576000.0,2018-07-03,LTCUSD,87.1,90,85.73,86.89,415.95,36617.21
1530489600.0,2018-07-02,LTCUSD,80.98,87.14,80.03,87.1,394.64,32968.48
1530403200.0,2018-07-01,LTCUSD,81.38,82.21,79.34,80.98,142.49,11511.03
1530316800.0,2018-06-30,LTCUSD,79.52,83.53,79.52,81.38,434.1,35540.52
1530230400.0,2018-06-29,LTCUSD,79.46,81.9,74.65,79.52,406.85,31299.92
1530144000.0,2018-06-28,LTCUSD,82.81,83.72,77.32,79.46,279.48,22501.36
1530057600.0,2018-06-27,LTCUSD,78.42,83.11,76.34,82.81,257.5,20740.5
1529971200.0,2018-06-26,LTCUSD,83.82,84.55,78.42,78.42,164.75,13436.93
1529884800.0,2018-06-25,LTCUSD,82.7,85.3,79.82,83.82,334.65,27870.87
1529798400.0,2018-06-24,LTCUSD,86.48,86.48,76.27,82.7,629.04,51073.25
1529712000.0,2018-06-23,LTCUSD,89.1,91,85.2,86.48,238.81,20802.05
1529625600.0,2018-06-22,LTCUSD,97.07,97.77,85.51,89.1,389.22,35795.77
1529539200.0,2018-06-21,LTCUSD,99.52,100.28,97.06,97.07,209.08,20589.7
1529452800.0,2018-06-20,LTCUSD,100.99,100.99,97.07,99.52,295.05,29072.53
1529366400.0,2018-06-19,LTCUSD,100.91,103.3,99.03,100.99,355.28,35728.57
1529280000.0,2018-06-18,LTCUSD,98.48,102.36,96,100.91,302.95,29833.57
1529193600.0,2018-06-17,LTCUSD,101.48,101.49,97.5,98.48,264.13,26060.85
1529107200.0,2018-06-16,LTCUSD,100,101.5,97,101.48,416.54,41319.64
1529020800.0,2018-06-15,LTCUSD,105.22,106,99.73,100,274.69,28116.43
1528934400.0,2018-06-14,LTCUSD,100.39,106.19,97,105.22,491.8,49829.92
1528848000.0,2018-06-13,LTCUSD,106.66,107.66,96.6,100.39,520.3,52535.88
1528761600.0,2018-06-12,LTCUSD,112.25,112.7,102.83,106.66,330.59,36390.11
1528675200.0,2018-06-11,LTCUSD,112.5,114.14,108.6,112.25,309.14,34309.15
1528588800.0,2018-06-10,LTCUSD,118.81,119.71,109.16,112.5,525.88,60166.17
1528502400.0,2018-06-09,LTCUSD,121.42,122.5,118.81,118.81,173.5,20904.61
1528416000.0,2018-06-08,LTCUSD,123.37,123.88,120.1,121.42,174.1,21109.54
1528329600.0,2018-06-07,LTCUSD,122.34,123.49,121.21,123.37,177.89,21742.18
1528243200.0,2018-06-06,LTCUSD,123.37,125.1,120.1,122.34,256.64,31480.79
1528156800.0,2018-06-05,LTCUSD,122.25,125,120.1,123.37,240.96,29510.41
1528070400.0,2018-06-04,LTCUSD,127.4,129,121.18,122.25,339.22,42136.43
1527984000.0,2018-06-03,LTCUSD,127.53,129.91,125.63,127.4,379.17,48614.45
1527897600.0,2018-06-02,LTCUSD,123.23,127.8,123.23,127.53,286.09,35991.41
1527811200.0,2018-06-01,LTCUSD,124.05,124.85,122.2,123.23,224.57,27692.16
1527724800.0,2018-05-31,LTCUSD,123.5,125.32,122,124.05,465.66,57642.56
1527638400.0,2018-05-30,LTCUSD,125.94,127.8,120.53,123.5,647.72,80634.71
1527552000.0,2018-05-29,LTCUSD,117.11,128.1,117,125.94,573.43,70907.73
1527465600.0,2018-05-28,LTCUSD,125.8,126.99,117.04,117.11,567.26,69160.55
1527379200.0,2018-05-27,LTCUSD,125,127,124.01,125.8,185.96,23266.59
1527292800.0,2018-05-26,LTCUSD,125.39,129.37,124.35,125,366.87,46692.65
1527206400.0,2018-05-25,LTCUSD,128.29,131.35,123.61,125.39,534.32,68100.79
1527120000.0,2018-05-24,LTCUSD,125.88,131.36,120.98,128.29,510.54,64940.65
1527033600.0,2018-05-23,LTCUSD,134.64,135.99,121.67,125.88,770.54,99546.35
1526947200.0,2018-05-22,LTCUSD,138.53,140.45,134,134.64,451.71,62179.01
1526860800.0,2018-05-21,LTCUSD,142.88,142.97,138.5,138.53,417.66,58824.68
1526774400.0,2018-05-20,LTCUSD,138.02,144.62,138.02,142.88,363.28,51188.86
1526688000.0,2018-05-19,LTCUSD,140.59,141.71,137,138.02,427.72,59605.14
1526601600.0,2018-05-18,LTCUSD,138.47,142.34,133.86,140.59,432.18,59612.76
1526515200.0,2018-05-17,LTCUSD,143.59,146.2,136.02,138.47,805.33,114215.2
1526428800.0,2018-05-16,LTCUSD,146.27,146.98,140.72,143.59,362.19,51954.62
1526342400.0,2018-05-15,LTCUSD,152.56,154.49,144.1,146.27,505.78,75766.43
1526256000.0,2018-05-14,LTCUSD,152,157.4,142.53,152.56,666.75,99694.58
1526169600.0,2018-05-13,LTCUSD,149.77,154.42,144,152,477.96,71001.68
1526083200.0,2018-05-12,LTCUSD,140.55,150,139,149.77,667.42,96895.14
1525996800.0,2018-05-11,LTCUSD,152.87,153.51,139.06,140.55,644.96,94003.98
1525910400.0,2018-05-10,LTCUSD,159.4,162.55,151.67,152.87,464.16,73518.8
1525824000.0,2018-05-09,LTCUSD,162.16,164.46,156,159.4,469.29,74961.47
1525737600.0,2018-05-08,LTCUSD,165.09,169.53,158.89,162.16,502.44,82158.1
1525651200.0,2018-05-07,LTCUSD,171.06,171.79,161.43,165.09,410.24,67944.31
1525564800.0,2018-05-06,LTCUSD,178.81,183.5,167,171.06,394.73,68405.77
1525478400.0,2018-05-05,LTCUSD,167.33,182.6,166.56,178.81,458.21,80317.86
1525392000.0,2018-05-04,LTCUSD,160.24,170,156.25,167.33,459.6,74426.61
1525305600.0,2018-05-03,LTCUSD,152.34,163.25,151.25,160.24,587.57,92727.92
1525219200.0,2018-05-02,LTCUSD,150.56,153.68,149.44,152.34,268.91,40639.68
1525132800.0,2018-05-01,LTCUSD,151.12,152.54,146,150.56,501.82,74536.78
1525046400.0,2018-04-30,LTCUSD,153.8,154.9,149.56,151.12,348.71,53023.3
1524960000.0,2018-04-29,LTCUSD,152.48,154.91,149.37,153.8,450.51,68673.09
1524873600.0,2018-04-28,LTCUSD,146.01,152.7,145,152.48,554.53,82761.69
1524787200.0,2018-04-27,LTCUSD,153,154,145,146.01,607.26,91638.4
1524700800.0,2018-04-26,LTCUSD,146.31,154.05,143.9,153,418.11,61736.68
1524614400.0,2018-04-25,LTCUSD,167.31,167.31,141.4,146.31,946.64,143654.75
1524528000.0,2018-04-24,LTCUSD,153.39,167.99,153.39,167.31,855.5,139666.52
1524441600.0,2018-04-23,LTCUSD,148.49,156.5,147.75,153.39,632.92,96680.44
1524355200.0,2018-04-22,LTCUSD,148.16,153,145.59,148.49,528.7,79275.04
1524268800.0,2018-04-21,LTCUSD,157.95,159.67,141.9,148.16,895.79,135301.57
1524182400.0,2018-04-20,LTCUSD,149,158.13,146.1,157.95,949.53,144223.5
1524096000.0,2018-04-19,LTCUSD,140.5,150,140.45,149,1069.1,154141.99
1524009600.0,2018-04-18,LTCUSD,135,143.29,134.07,140.5,615.64,85667.9
1523923200.0,2018-04-17,LTCUSD,128.76,142,128.76,135,901.36,123368.03
1523836800.0,2018-04-16,LTCUSD,132.29,133,126.72,128.76,592.76,76660.54
1523750400.0,2018-04-15,LTCUSD,126.5,135.5,126.41,132.29,453.67,59515.7
1523664000.0,2018-04-14,LTCUSD,126.81,130.56,125.02,126.5,477.49,60881.62
1523577600.0,2018-04-13,LTCUSD,129,135,123.96,126.81,936.97,121699.31
1523491200.0,2018-04-12,LTCUSD,117.93,129,114.3,129,946.63,114307.77
1523404800.0,2018-04-11,LTCUSD,115.44,119.2,113,117.93,700.93,80826.55
1523318400.0,2018-04-10,LTCUSD,117.01,118.9,113.33,115.44,660.59,76160.71
1523232000.0,2018-04-09,LTCUSD,120.46,124,116.5,117.01,384.59,46196.77
1523145600.0,2018-04-08,LTCUSD,119,121,117.7,120.46,440.11,52584.02
1523059200.0,2018-04-07,LTCUSD,117.45,122.38,116.77,119,396.97,47625.1
1522972800.0,2018-04-06,LTCUSD,123,124,116.76,117.45,416.01,49602.08
1522886400.0,2018-04-05,LTCUSD,124.2,128,121,123,357.01,44525.35
1522800000.0,2018-04-04,LTCUSD,138.7,138.92,122,124.2,476.05,61434.16
1522713600.0,2018-04-03,LTCUSD,123.47,141.11,122.17,138.7,696.96,91403.56
1522627200.0,2018-04-02,LTCUSD,120.89,125.5,120.12,123.47,570.77,70454.97
1522540800.0,2018-04-01,LTCUSD,123.6,124.75,116.43,120.89,416.23,50243.33
1522454400.0,2018-03-31,LTCUSD,128.91,134,122.5,123.6,555.97,71116.47
1522368000.0,2018-03-30,LTCUSD,128.58,138,122,128.91,885.35,113016.21
1522281600.0,2018-03-29,LTCUSD,138.33,139.12,123.16,128.58,700.95,90455.93
1522195200.0,2018-03-28,LTCUSD,146.35,147.55,137.91,138.33,542.14,77205.43
1522108800.0,2018-03-27,LTCUSD,157.47,157.47,143.28,146.35,993.91,147905.89
1522022400.0,2018-03-26,LTCUSD,169,170,151.5,157.47,463.4,74516.36
1521936000.0,2018-03-25,LTCUSD,166,170,165.09,169,355.24,59282.09
1521849600.0,2018-03-24,LTCUSD,173.59,175.75,166,166,356.82,60859.76
1521763200.0,2018-03-23,LTCUSD,168.16,173.71,165,173.59,338.36,56807.73
1521676800.0,2018-03-22,LTCUSD,172.74,177.47,166.6,168.16,324.22,55559.1
1521590400.0,2018-03-21,LTCUSD,176,181.3,171.23,172.74,510.26,90051.67
1521504000.0,2018-03-20,LTCUSD,167.5,179.1,163.3,176,611.68,104219.96
1521417600.0,2018-03-19,LTCUSD,162.05,172.53,157,167.5,763.54,125720.3
1521331200.0,2018-03-18,LTCUSD,161.72,166.12,144.93,162.05,780.02,120817.86
1521244800.0,2018-03-17,LTCUSD,174.01,176.01,159.13,161.72,534.18,88765.7
1521158400.0,2018-03-16,LTCUSD,172.44,177.35,166,174.01,597.02,103376.1
1521072000.0,2018-03-15,LTCUSD,172,179.4,160.16,172.44,734.44,124506.53
1520985600.0,2018-03-14,LTCUSD,183.9,186.92,169.21,172,558.26,98431.85
1520899200.0,2018-03-13,LTCUSD,187.72,193.04,181.8,183.9,324.32,60309.98
1520812800.0,2018-03-12,LTCUSD,195.08,200,184.25,187.72,699.18,134383.32
1520726400.0,2018-03-11,LTCUSD,190,199.16,185,195.08,612.57,118480.61
1520640000.0,2018-03-10,LTCUSD,200.35,206.89,186.59,190,740.56,145731.15
1520553600.0,2018-03-09,LTCUSD,191.5,200.35,171,200.35,1195.73,220684.96
1520467200.0,2018-03-08,LTCUSD,199.9,200,189,191.5,620.77,120561.1
1520380800.0,2018-03-07,LTCUSD,206.02,206.14,186,199.9,1138.46,223446.05
1520294400.0,2018-03-06,LTCUSD,216.3,217.31,200,206.02,1235.78,257874.52
1520208000.0,2018-03-05,LTCUSD,216.5,220,213.42,216.3,837.63,181743.25
1520121600.0,2018-03-04,LTCUSD,217.34,217.83,212,216.5,752.9,162079.39
1520035200.0,2018-03-03,LTCUSD,218,222,213.1,217.34,957.92,209349.91
1519948800.0,2018-03-02,LTCUSD,217.3,220.26,212,218,715.78,154085.21
1519862400.0,2018-03-01,LTCUSD,217.9,222.22,213.4,217.3,1041.82,226776.08
1519776000.0,2018-02-28,LTCUSD,227.25,232.99,215,217.9,1158.52,255666.85
1519689600.0,2018-02-27,LTCUSD,229.37,231,222.14,227.25,962.65,217733.75
1519603200.0,2018-02-26,LTCUSD,233.27,244.87,226.1,229.37,1491.19,349203.68
1519516800.0,2018-02-25,LTCUSD,220.17,239,216.64,233.27,1165.56,264497.42
1519430400.0,2018-02-24,LTCUSD,219.24,226.7,210.72,220.17,1053.25,229001.15
1519344000.0,2018-02-23,LTCUSD,206,225.44,197,219.24,1326.12,281036.5
1519257600.0,2018-02-22,LTCUSD,223.2,234.77,200.21,206,1426.15,307298.74
1519171200.0,2018-02-21,LTCUSD,242,245.62,217.04,223.2,1831.4,420432.27
1519084800.0,2018-02-20,LTCUSD,224.3,256.5,223.4,242,2599.5,632849.44
1518998400.0,2018-02-19,LTCUSD,225.9,230.51,220,224.3,2250.11,509975.98
1518912000.0,2018-02-18,LTCUSD,242,248.4,217.3,225.9,1912.79,451226.83
1518825600.0,2018-02-17,LTCUSD,240,245.87,236.93,242,1244.07,299753.98
1518739200.0,2018-02-16,LTCUSD,230,245.87,222.62,240,1289.78,303486.56
1518652800.0,2018-02-15,LTCUSD,224.9,247.12,220,230,2921.2,682206.44
1518566400.0,2018-02-14,LTCUSD,168.71,227.3,168.35,224.9,2851.76,588328.66
1518480000.0,2018-02-13,LTCUSD,169.11,171.77,163,168.71,793.12,132964.42
1518393600.0,2018-02-12,LTCUSD,160.61,172,160.05,169.11,922.13,153803.38
1518307200.0,2018-02-11,LTCUSD,167.77,167.77,154.74,160.61,1198.79,193434.24
1518220800.0,2018-02-10,LTCUSD,170,181.94,160.1,167.77,1366.35,233704.55
1518134400.0,2018-02-09,LTCUSD,156.43,170,152,170,1619.72,260306.55
1518048000.0,2018-02-08,LTCUSD,150.05,164.49,149.32,156.43,1497.35,231848.83
1517961600.0,2018-02-07,LTCUSD,148.46,168.99,140.4,150.05,1846.1,288281.09
1517875200.0,2018-02-06,LTCUSD,140.29,158.6,115,148.46,2234.57,301954.01
1517788800.0,2018-02-05,LTCUSD,167.1,172,134.5,140.29,1521.12,230168.63
1517702400.0,2018-02-04,LTCUSD,176.45,190.02,155,167.1,1752.19,303573.29
1517616000.0,2018-02-03,LTCUSD,146,180,138.85,176.45,1595.91,256189.44
1517529600.0,2018-02-02,LTCUSD,150.13,160,120,146,1417.97,197091.61
1517443200.0,2018-02-01,LTCUSD,174.89,177.01,140,150.13,1532.07,244720.08
1517356800.0,2018-01-31,LTCUSD,177.62,180,169,174.89,1155.82,201409.5
1517270400.0,2018-01-30,LTCUSD,190.67,192.96,176,177.62,1165.97,216771.62
1517184000.0,2018-01-29,LTCUSD,201,201.98,189.6,190.67,948.4,183149.16
1517097600.0,2018-01-28,LTCUSD,187.95,202,186.65,201,1048.6,203543.73
1517011200.0,2018-01-27,LTCUSD,189.91,192.1,183.19,187.95,975.42,183287.85
1516924800.0,2018-01-26,LTCUSD,191.8,195,176.85,189.91,1201.95,226857.39
1516838400.0,2018-01-25,LTCUSD,194.29,196,188.5,191.8,974.52,186935.19
1516752000.0,2018-01-24,LTCUSD,191.43,201,188.21,194.29,1125.32,219469.86
1516665600.0,2018-01-23,LTCUSD,220.5,220.5,190,191.43,415.39,81733.14
1516579200.0,2018-01-22,LTCUSD,220.5,220.5,220.5,220.5,0.0,0.0
1516492800.0,2018-01-21,LTCUSD,228.5,231.38,220.5,220.5,220.15,49743.64
1516406400.0,2018-01-20,LTCUSD,217,234.05,217,228.5,847.21,191604.66
1516320000.0,2018-01-19,LTCUSD,221.5,229.06,215,217,936.01,207169.41
1516233600.0,2018-01-18,LTCUSD,219,232.5,213,221.5,595.81,131198.07
1516147200.0,2018-01-17,LTCUSD,218,237,166.24,219,1413.26,285784.84
1516060800.0,2018-01-16,LTCUSD,260.49,263.31,181.5,218,2046.99,471613.97
1515974400.0,2018-01-15,LTCUSD,266.07,272.29,259.01,260.49,1391.84,367510.4
1515888000.0,2018-01-14,LTCUSD,276.1,289.11,260,266.07,1498.57,404383.27
1515801600.0,2018-01-13,LTCUSD,258.89,282.9,258.15,276.1,1339.6,359520.46
1515715200.0,2018-01-12,LTCUSD,251.78,261.42,250,258.89,387.37,98813.75
1515628800.0,2018-01-11,LTCUSD,272.6,279,250.01,251.78,1512.02,397932.98
1515542400.0,2018-01-10,LTCUSD,276.19,280,261,272.6,1564.44,425033.17
1515456000.0,2018-01-09,LTCUSD,282.72,285,268,276.19,1646.0,454691.9
1515369600.0,2018-01-08,LTCUSD,283.55,288,263,282.72,2142.25,595111.01
1515283200.0,2018-01-07,LTCUSD,285,299.49,277.07,283.55,2650.63,764822.77
1515196800.0,2018-01-06,LTCUSD,258.15,320.95,248,285,3201.92,919524.6
1515110400.0,2018-01-05,LTCUSD,255,268.9,254.1,258.15,1710.31,445414.53
1515024000.0,2018-01-04,LTCUSD,264.54,265.69,245.45,255,1699.86,432888.29
1514937600.0,2018-01-03,LTCUSD,263,273.52,260,264.54,1048.82,277773.76
1514851200.0,2018-01-02,LTCUSD,244.63,285,243.25,263,1088.46,286763.51
1514764800.0,2018-01-01,LTCUSD,247.92,253.28,235.76,244.63,578.13,142660.69
1514678400.0,2017-12-31,LTCUSD,236.11,255.02,227,247.92,510.17,123411.71
1514592000.0,2017-12-30,LTCUSD,258.94,259.99,221,236.11,951.48,229377.98
1514505600.0,2017-12-29,LTCUSD,263.51,272,253.73,258.94,1187.04,311781.5
1514419200.0,2017-12-28,LTCUSD,287.11,298,248.75,263.51,1098.75,296894.0
1514332800.0,2017-12-27,LTCUSD,294.25,303,277.49,287.11,895.4,260061.2
1514246400.0,2017-12-26,LTCUSD,287.72,298,276.1,294.25,810.27,236017.55
1514160000.0,2017-12-25,LTCUSD,301.08,303.6,279.5,287.72,923.52,270608.35
1514073600.0,2017-12-24,LTCUSD,301,306.8,268,301.08,907.77,263047.58
1513987200.0,2017-12-23,LTCUSD,277.5,327,277.5,301,1314.86,402454.14
1513900800.0,2017-12-22,LTCUSD,321.2,326,219,277.5,2557.21,685005.5
1513814400.0,2017-12-21,LTCUSD,330.56,347,300,321.2,1406.52,460049.63
1513728000.0,2017-12-20,LTCUSD,367,367,312,330.56,1511.65,512939.05
1513641600.0,2017-12-19,LTCUSD,360.76,380.1,343.46,367,1776.43,644909.05
1513555200.0,2017-12-18,LTCUSD,320,367.85,304,360.76,1522.37,508702.09
1513468800.0,2017-12-17,LTCUSD,295.01,325,295.01,320,1290.5,405640.83
1513382400.0,2017-12-16,LTCUSD,297,305,291,295.01,989.26,294572.28
1513296000.0,2017-12-15,LTCUSD,277,311,252,297,1864.77,533877.76
1513209600.0,2017-12-14,LTCUSD,303,308,250,277,1807.39,516413.39
1513123200.0,2017-12-13,LTCUSD,296.17,325.54,280,303,2696.27,814485.33
1513036800.0,2017-12-12,LTCUSD,213.3,325,201.4,296.17,6144.07,1695881.6
1512950400.0,2017-12-11,LTCUSD,150.85,229.6,148,213.3,4177.59,784441.93
1512864000.0,2017-12-10,LTCUSD,155.37,158.83,133,150.85,1706.04,254151.04
1512777600.0,2017-12-09,LTCUSD,122.76,160.36,121,155.37,2626.41,389671.66
1512691200.0,2017-12-08,LTCUSD,96.17,139,94.04,122.76,3081.71,361196.43
1512604800.0,2017-12-07,LTCUSD,104,104,93,96.17,1270.93,126239.41
1512518400.0,2017-12-06,LTCUSD,103.59,105,91,104,1141.12,116469.96
1512432000.0,2017-12-05,LTCUSD,104.52,104.93,101,103.59,666.36,68376.16
1512345600.0,2017-12-04,LTCUSD,102.98,104.52,98.6,104.52,668.03,67498.98
1512259200.0,2017-12-03,LTCUSD,100.6,105.25,99,102.98,663.02,67776.97
1512172800.0,2017-12-02,LTCUSD,98.26,102.8,94,100.6,1066.93,106400.54
1512086400.0,2017-12-01,LTCUSD,88.98,99.1,84,98.26,1061.39,98522.36
1512000000.0,2017-11-30,LTCUSD,87.02,92.46,76.61,88.98,1109.69,93179.68
1511913600.0,2017-11-29,LTCUSD,94.99,102,80,87.02,1546.73,147052.76
1511827200.0,2017-11-28,LTCUSD,90,95.38,90,94.99,770.17,71491.37
1511740800.0,2017-11-27,LTCUSD,84.49,90.6,83.37,90,692.83,61190.38
1511654400.0,2017-11-26,LTCUSD,87.81,88.65,80,84.49,428.9,36123.96
1511568000.0,2017-11-25,LTCUSD,77,88.65,76.68,87.81,964.25,79238.21
1511481600.0,2017-11-24,LTCUSD,73.2,77,72,77,1049.9,78201.94
1511395200.0,2017-11-23,LTCUSD,71.53,76.99,70,73.2,1017.07,75138.16
1511308800.0,2017-11-22,LTCUSD,70,71.53,69.53,71.53,477.02,33684.28
1511222400.0,2017-11-21,LTCUSD,72.68,72.68,68.1,70,784.14,55114.1
1511136000.0,2017-11-20,LTCUSD,71.96,73,69.52,72.68,377.45,26955.39
1511049600.0,2017-11-19,LTCUSD,68.77,72.5,67.97,71.96,666.97,46851.07
1510963200.0,2017-11-18,LTCUSD,66.56,68.77,65,68.77,247.92,16664.1
1510876800.0,2017-11-17,LTCUSD,70.27,70.27,62.9,66.56,686.44,46051.48
1510790400.0,2017-11-16,LTCUSD,63.5,73,62,70.27,860.63,56786.88
1510704000.0,2017-11-15,LTCUSD,64.79,65.5,61.67,63.5,684.47,43771.91
1510617600.0,2017-11-14,LTCUSD,63,65.5,61.51,64.79,782.17,49717.14
1510531200.0,2017-11-13,LTCUSD,61.8,64.5,59.59,63,528.14,33110.52
1510444800.0,2017-11-12,LTCUSD,61.79,63.08,58,61.8,1068.42,65427.81
1510358400.0,2017-11-11,LTCUSD,59.65,63.9,58.55,61.79,775.09,47242.86
1510272000.0,2017-11-10,LTCUSD,63.51,65.1,56.07,59.65,544.13,32886.58
1510185600.0,2017-11-09,LTCUSD,61.51,66,60.8,63.51,486.43,31026.46
1510099200.0,2017-11-08,LTCUSD,60.57,62.98,58,61.51,514.62,31356.69
1510012800.0,2017-11-07,LTCUSD,55.28,63.5,54.6,60.57,901.79,53345.57
1509926400.0,2017-11-06,LTCUSD,54.1,56.07,53.48,55.28,240.52,13273.94
1509840000.0,2017-11-05,LTCUSD,53.63,55,52.86,54.1,310.09,16791.22
1509753600.0,2017-11-04,LTCUSD,55.35,55.66,53.55,53.63,98.25,5345.82
1509667200.0,2017-11-03,LTCUSD,52.39,55.35,52.39,55.35,310.01,16680.44
1509580800.0,2017-11-02,LTCUSD,52.5,54,48.47,52.39,479.97,24445.05
1509494400.0,2017-11-01,LTCUSD,55.06,55.66,52.5,52.5,171.12,9305.87
1509408000.0,2017-10-31,LTCUSD,55.31,56.2,54.72,55.06,2139.51,118239.0
1509321600.0,2017-10-30,LTCUSD,56.3,56.53,55.3,55.31,140.93,7921.9
1509235200.0,2017-10-29,LTCUSD,52.58,52.58,52.58,52.58,0.0,0.0
1509148800.0,2017-10-28,LTCUSD,52.58,52.58,52.58,52.58,0.0,0.0
1509062400.0,2017-10-27,LTCUSD,52.58,52.58,52.58,52.58,0.0,0.0
1508976000.0,2017-10-26,LTCUSD,52.58,52.58,52.58,52.58,0.0,0.0
1508889600.0,2017-10-25,LTCUSD,52.58,52.58,52.58,52.58,0.0,0.0
1508803200.0,2017-10-24,LTCUSD,52.58,52.58,52.58,52.58,0.0,0.0
1508716800.0,2017-10-23,LTCUSD,52.58,52.58,52.58,52.58,0.0,0.0
1508630400.0,2017-10-22,LTCUSD,52.58,52.58,52.58,52.58,0.0,0.0
1508544000.0,2017-10-21,LTCUSD,52.58,52.58,52.58,52.58,0.0,0.0
1508457600.0,2017-10-20,LTCUSD,52.58,52.58,52.58,52.58,0.0,0.0
1508371200.0,2017-10-19,LTCUSD,52.58,52.58,52.58,52.58,0.0,0.0
1508284800.0,2017-10-18,LTCUSD,52.58,52.58,52.58,52.58,0.0,0.0
1508198400.0,2017-10-17,LTCUSD,52.58,52.58,52.58,52.58,0.0,0.0
1508112000.0,2017-10-16,LTCUSD,52.58,52.58,52.58,52.58,0.0,0.0
1508025600.0,2017-10-15,LTCUSD,52.58,52.58,52.58,52.58,0.0,0.0
1507939200.0,2017-10-14,LTCUSD,52.58,52.58,52.58,52.58,0.0,0.0
1507852800.0,2017-10-13,LTCUSD,52.58,52.58,52.58,52.58,0.0,0.0
1507766400.0,2017-10-12,LTCUSD,52.58,52.58,52.58,52.58,0.0,0.0
1507680000.0,2017-10-11,LTCUSD,52.58,52.58,52.58,52.58,0.0,0.0
1507593600.0,2017-10-10,LTCUSD,52.58,52.58,52.58,52.58,0.0,0.0
1507507200.0,2017-10-09,LTCUSD,52.58,52.58,52.58,52.58,0.0,0.0
1507420800.0,2017-10-08,LTCUSD,52.58,52.58,52.58,52.58,0.0,0.0
1507334400.0,2017-10-07,LTCUSD,52.58,52.58,52.58,52.58,0.0,0.0
1507248000.0,2017-10-06,LTCUSD,52.58,52.58,52.58,52.58,0.0,0.0
1507161600.0,2017-10-05,LTCUSD,53,53.38,52.58,52.58,26.62,1405.91
1507075200.0,2017-10-04,LTCUSD,53.19,54.2,52.57,53,185.57,9899.66
1506988800.0,2017-10-03,LTCUSD,54.96,55.15,52.58,53.19,171.41,9191.1
1506902400.0,2017-10-02,LTCUSD,55.46,58,54,54.96,200.46,11067.29
1506816000.0,2017-10-01,LTCUSD,55,55.51,54,55.46,40.86,2235.33
1506729600.0,2017-09-30,LTCUSD,53.66,55.5,53,55,112.91,6187.59
1506643200.0,2017-09-29,LTCUSD,55.4,55.4,51.21,53.66,127.37,6759.13
1506556800.0,2017-09-28,LTCUSD,56.45,58,53.47,55.4,133.35,7450.49
1506470400.0,2017-09-27,LTCUSD,53,57.5,52.13,56.45,238.3,13230.53
1506384000.0,2017-09-26,LTCUSD,52.66,54,51.5,53,171.83,9032.08
1506297600.0,2017-09-25,LTCUSD,49.2,53.1,48.5,52.66,221.85,11367.49
1506211200.0,2017-09-24,LTCUSD,50.45,50.5,48.5,49.2,52.43,2584.25
1506124800.0,2017-09-23,LTCUSD,49.52,51,48.51,50.45,173.42,8709.38
1506038400.0,2017-09-22,LTCUSD,49.11,50.88,45.44,49.52,132.31,6362.69
1505952000.0,2017-09-21,LTCUSD,54.12,54.12,45.44,49.11,216.76,10922.08
1505865600.0,2017-09-20,LTCUSD,54.01,55,53,54.12,224.18,12107.06
1505779200.0,2017-09-19,LTCUSD,57.09,57.55,53.58,54.01,400.88,22213.38
1505692800.0,2017-09-18,LTCUSD,53.58,57.55,53.34,57.09,267.68,14949.78
1505606400.0,2017-09-17,LTCUSD,54.37,56,50.05,53.58,334.36,17993.18
1505520000.0,2017-09-16,LTCUSD,53.87,60.4,53,54.37,418.75,23252.21
1505433600.0,2017-09-15,LTCUSD,48.51,63.4,34.24,53.87,1854.86,92769.65
1505347200.0,2017-09-14,LTCUSD,64.9,65.03,48.2,48.51,595.08,33098.3
1505260800.0,2017-09-13,LTCUSD,69.51,70,60,64.9,621.54,39877.13
1505174400.0,2017-09-12,LTCUSD,71.96,73.77,68.51,69.51,155.97,11178.02
1505088000.0,2017-09-11,LTCUSD,71,73.79,70.74,71.96,152.43,10940.12
1505001600.0,2017-09-10,LTCUSD,75,76.04,67.06,71,367.91,25859.07
1504915200.0,2017-09-09,LTCUSD,77.32,77.92,74.1,75,149.1,11268.84
1504828800.0,2017-09-08,LTCUSD,83.11,84.51,74,77.32,634.3,50055.86
1504742400.0,2017-09-07,LTCUSD,83.52,84.5,80,83.11,279.48,22958.26
1504656000.0,2017-09-06,LTCUSD,75.5,85,74,83.52,611.82,49631.74
1504569600.0,2017-09-05,LTCUSD,71.2,76.22,65,75.5,392.34,28086.91
1504483200.0,2017-09-04,LTCUSD,81.82,81.91,64,71.2,789.17,56089.15
1504396800.0,2017-09-03,LTCUSD,79.13,84.24,76.35,81.82,188.61,15284.24
1504310400.0,2017-09-02,LTCUSD,88.47,93.8,74.8,79.13,746.35,60298.65
1504224000.0,2017-09-01,LTCUSD,73.97,91.9,71.77,88.47,732.19,60507.86
1504137600.0,2017-08-31,LTCUSD,63.6,76,63.6,73.97,572.32,38884.22
1504051200.0,2017-08-30,LTCUSD,62.23,63.6,61.31,63.6,94.91,5896.74
1503964800.0,2017-08-29,LTCUSD,61.89,63.57,60,62.23,233.03,14337.71
1503878400.0,2017-08-28,LTCUSD,61,64.04,60,61.89,263.87,16554.57
1503792000.0,2017-08-27,LTCUSD,51.49,64.04,51.49,61,506.83,29542.84
1503705600.0,2017-08-26,LTCUSD,50.66,51.6,49.55,51.49,132.92,6744.84
1503619200.0,2017-08-25,LTCUSD,50.77,51.53,49.78,50.66,161.6,8161.55
1503532800.0,2017-08-24,LTCUSD,53.88,54.2,50,50.77,243.77,12644.63
1503446400.0,2017-08-23,LTCUSD,46.66,55,46.66,53.88,466.94,24521.47
1503360000.0,2017-08-22,LTCUSD,48.12,48.12,48.12,48.12,0.0,0.0
1503273600.0,2017-08-21,LTCUSD,47.41,48.12,46.5,48.12,212.49,10073.06
1503187200.0,2017-08-20,LTCUSD,44.88,47.96,44.1,47.41,219.08,10130.31
1503100800.0,2017-08-19,LTCUSD,46.89,47.13,44.3,44.88,218.34,9870.53
1503014400.0,2017-08-18,LTCUSD,43.7,49,42.5,46.89,537.34,24604.98
1502928000.0,2017-08-17,LTCUSD,44,44.99,41.6,42.5,440.23,18993.02
1502841600.0,2017-08-16,LTCUSD,44.2,45.1,43.1,44,190.91,8425.57
1502755200.0,2017-08-15,LTCUSD,44.6,45,42,44.2,231.62,10056.0
1502668800.0,2017-08-14,LTCUSD,45,46.1,44,44.6,145.97,6551.43
1502582400.0,2017-08-13,LTCUSD,46,47.1,44.5,45,223.49,10293.22
1502496000.0,2017-08-12,LTCUSD,47.8,48.55,46,46,471.55,22266.51
1502409600.0,2017-08-11,LTCUSD,47.4,48.65,46.75,47.8,393.39,18719.48
1502323200.0,2017-08-10,LTCUSD,47.99,48.65,46.74,47.4,309.08,14818.84
1502236800.0,2017-08-09,LTCUSD,49.2,50.81,47.75,47.99,409.81,20181.0
1502150400.0,2017-08-08,LTCUSD,46.22,49.2,45.09,49.2,251.67,11672.34
1502064000.0,2017-08-07,LTCUSD,44.98,46.7,44.09,46.22,295.13,13473.1
1501977600.0,2017-08-06,LTCUSD,45.9,45.9,44,44.98,124.3,5590.39
1501891200.0,2017-08-05,LTCUSD,43,47,42.2,44.12,437.21,19543.82
1501804800.0,2017-08-04,LTCUSD,42.81,43.4,41.01,43,307.55,12956.34
1501718400.0,2017-08-03,LTCUSD,40.72,43.03,40,42.81,177.08,7363.41
1501632000.0,2017-08-02,LTCUSD,41.22,42.61,39.5,40.72,498.11,20520.1
1501545600.0,2017-08-01,LTCUSD,41.27,44.22,40.25,41.22,186.8,7890.49
1501459200.0,2017-07-31,LTCUSD,40.2,43.5,38.42,41.27,128.2,5337.85
1501372800.0,2017-07-30,LTCUSD,41.99,43.89,40,40.2,35.62,1520.72
1501286400.0,2017-07-29,LTCUSD,41.08,41.99,38.42,41.99,75.16,3048.48
1501200000.0,2017-07-28,LTCUSD,43,43.01,39.5,41.08,185.39,7519.37
1501113600.0,2017-07-27,LTCUSD,43.01,45,42,43,88.25,3787.21
1501027200.0,2017-07-26,LTCUSD,44.5,45.3,42,43.01,193.48,8237.37
1500940800.0,2017-07-25,LTCUSD,46.1,46.5,42,44.5,103.11,4544.89
1500854400.0,2017-07-24,LTCUSD,44.96,47.77,44.61,46.1,56.59,2582.75
1500768000.0,2017-07-23,LTCUSD,45.99,46.06,43.99,44.96,92.66,4170.92
1500681600.0,2017-07-22,LTCUSD,45.48,45.99,43.54,45.99,32.33,1453.9
1500595200.0,2017-07-21,LTCUSD,43.9,47,42,45.48,59.49,2689.14
1500508800.0,2017-07-20,LTCUSD,41.46,45.11,40.21,43.9,142.27,6146.05
1500422400.0,2017-07-19,LTCUSD,44,44.89,40,41.46,729.8,30824.09
1500336000.0,2017-07-18,LTCUSD,43.16,46,41.6,44,282.8,12497.82
1500249600.0,2017-07-17,LTCUSD,40.94,43.69,39.11,43.16,120.63,5081.85
1500163200.0,2017-07-16,LTCUSD,39,41.11,36,40.94,372.85,14097.43
1500076800.0,2017-07-15,LTCUSD,44.4,45,37.1,39,781.08,30393.23
1499990400.0,2017-07-14,LTCUSD,46.6,48,41.41,44.4,347.39,14905.08
1499904000.0,2017-07-13,LTCUSD,50.4,50.43,46.57,46.6,287.05,13629.47
1499817600.0,2017-07-12,LTCUSD,47.77,51,45,50.4,101.24,4950.54
1499731200.0,2017-07-11,LTCUSD,49.56,50.2,44,47.77,110.29,5203.7
1499644800.0,2017-07-10,LTCUSD,52.95,53.5,49.56,49.56,38.83,2013.78
1499558400.0,2017-07-09,LTCUSD,53.8,54.43,50.8,52.95,69.82,3617.35
1499472000.0,2017-07-08,LTCUSD,48,53.8,47.33,53.8,58.87,2982.97
1499385600.0,2017-07-07,LTCUSD,51.21,52.66,47.1,48,57.24,2854.89
1499299200.0,2017-07-06,LTCUSD,54,54.4,51,51.21,28.91,1497.23
1499212800.0,2017-07-05,LTCUSD,57,59,51,54,109.68,5910.67
1499126400.0,2017-07-04,LTCUSD,46.8,57,46.8,57,223.93,11581.54
1499040000.0,2017-07-03,LTCUSD,43,49.24,42,46.8,250.01,11412.75
1498953600.0,2017-07-02,LTCUSD,39.73,44,39.41,43,43.92,1832.79
1498867200.0,2017-07-01,LTCUSD,42.24,43,39.68,39.73,22.24,929.28
1498780800.0,2017-06-30,LTCUSD,42,44.55,41.18,42.24,59.77,2480.3
1498694400.0,2017-06-29,LTCUSD,43.74,43.74,41.5,42,51.33,2167.17
1498608000.0,2017-06-28,LTCUSD,41.01,44,40.49,43.74,34.06,1434.91
1498521600.0,2017-06-27,LTCUSD,40.99,43.16,36,41.01,15.6,610.83
1498435200.0,2017-06-26,LTCUSD,42.12,44,36,40.99,120.8,4709.67
1498348800.0,2017-06-25,LTCUSD,43,47,40.4,42.12,113.67,5100.14
1498262400.0,2017-06-24,LTCUSD,46.45,47.3,43,43,196.15,9047.12
1498176000.0,2017-06-23,LTCUSD,46.01,47.5,46.01,46.45,46.41,2176.65
1498089600.0,2017-06-22,LTCUSD,46,51.9,44.67,46.01,88.56,4230.44
1498003200.0,2017-06-21,LTCUSD,44,47,43.3,46,224.06,10271.03
1497916800.0,2017-06-20,LTCUSD,49.6,50.5,44,44,286.76,13177.57
1497830400.0,2017-06-19,LTCUSD,45,51.9,44,49.6,392.38,19410.29
1497744000.0,2017-06-18,LTCUSD,47.2,48,41,45,140.85,6243.38
1497657600.0,2017-06-17,LTCUSD,34.8,50,34.8,47.2,422.37,17733.14
1497571200.0,2017-06-16,LTCUSD,31.38,35.8,30,34.8,152.14,5073.91
1497484800.0,2017-06-15,LTCUSD,29.5,32.98,27.63,31.38,74.33,2198.66
1497398400.0,2017-06-14,LTCUSD,31.5,32,29.5,29.5,28.11,850.9
1497312000.0,2017-06-13,LTCUSD,29.5,31.5,28.5,31.5,56.07,1703.2
1497225600.0,2017-06-12,LTCUSD,34,34.4,28,29.5,92.12,2777.17
1497139200.0,2017-06-11,LTCUSD,29.01,34.5,29,34,183.94,5797.04
1497052800.0,2017-06-10,LTCUSD,29,30.98,29,29.01,50.8,1498.18
1496966400.0,2017-06-09,LTCUSD,29.4,31.99,28.9,29,80.85,2456.27
1496880000.0,2017-06-08,LTCUSD,28.4,30.51,28.15,29.4,71.55,2120.65
1496793600.0,2017-06-07,LTCUSD,28.81,30.5,27.63,28.4,108.96,3210.17
1496707200.0,2017-06-06,LTCUSD,30,31,28.62,28.81,185.29,5516.66
1496620800.0,2017-06-05,LTCUSD,27.9,31,27.1,30,172.04,5025.96
1496534400.0,2017-06-04,LTCUSD,27.85,28,26.52,27.9,69.28,1912.48
1496448000.0,2017-06-03,LTCUSD,27.77,28.32,26.8,27.85,131.53,3613.85
1496361600.0,2017-06-02,LTCUSD,27.5,29.49,26.42,27.77,56.34,1589.69
1496275200.0,2017-06-01,LTCUSD,26.55,29.49,25.7,27.5,52.78,1461.94
1496188800.0,2017-05-31,LTCUSD,26,26.55,24,26.55,68.43,1752.43
1496102400.0,2017-05-30,LTCUSD,25.65,27.61,24,26,128.06,3338.4
1496016000.0,2017-05-29,LTCUSD,23.1,26.89,23,25.65,175.01,4462.15
1495929600.0,2017-05-28,LTCUSD,23,28,23,23.1,132.42,3359.54
1495843200.0,2017-05-27,LTCUSD,30,30,17,23,98.95,2407.09
1495756800.0,2017-05-26,LTCUSD,30.44,33,25.3,30,100.12,2953.95
